name,eng_name,description,Active,Physical,RequiresFocus,Indoor,Outdoor,RequiresTravel,Solo,Group,SocialInteraction,Creative,Intellectual,Emotional,Analytical,StressRelief,CostRequired,EquipmentRequired,LearningRequired,TimeRequired,Challenging,Competitive,Rewarding,Trendy,RequiresConsistency,ManualSkill,InNature,DetailedDescription,Equipment
서핑,Surfing,"파도를 타며 바다와 하나가 되는 수상 스포츠로, 균형감각과 파도 읽기 능력이 중요하며 자연과의 교감을 통해 큰 해방감을 느낄 수 있는 취미",2,2,1,-2,2,1,1,0,0,0,0,1,-1,2,1,2,2,0,2,-1,2,2,1,-1,2,"서핑은 파도의 힘을 이용해 바다 위를 활주하는 수상 스포츠입니다.\n초보자는 먼저 해변에서 기본 자세와 패들링을 연습한 후, 작은 파도에서 시작하여 점차 큰 파도에 도전합니다.\n파도를 읽고 타이밍을 맞추는 것이 핵심이며, 바다의 컨디션(파도 높이, 바람, 조류)을 이해하는 것이 중요합니다.\n서핑 스쿨에서 전문 강사의 지도를 받으면 안전하고 효과적으로 배울 수 있습니다.\n균형감각과 코어 근력이 발달하며, 바다와의 교감을 통해 스트레스 해소와 정신적 힐링 효과를 얻을 수 있습니다.\n\n모험을 좋아하고 자연과 교감하고 싶은 사람에게 잘 맞는 취미입니다.\n1. 강한 체력과 균형감각이 필요한 고강도 운동\n2. 바다와 파도 조건에 따라 매번 다른 경험 제공\n3. 자연 환경에 완전히 의존하는 스포츠\n4. 높은 집중력과 순간 판단력 요구\n5. 초기 비용이 상당하지만 장기적으로 경제적\n6. 전 세계 서핑 스팟을 여행하며 즐길 수 있음",서핑보드(초보자용 롱보드 권장)|웻슈트(수온에 따라 두께 선택)|리쉬코드(보드와 발목 연결)|서핑 왁스(보드 미끄럼 방지)|선크림(높은 자외선 차단 지수)|래쉬가드(자외선 차단 및 찰과상 방지)|수영 고글(선택사항)|방수백(소지품 보관)|응급처치용품|샤워용품
등산 트래킹,Hiking Trekking,"자연 속에서 걷고 오르며 체력을 기르고 정신적 평온을 얻는 활동으로, 다양한 난이도의 코스를 통해 성취감과 자연의 아름다움을 동시에 경험할 수 있는 취미",1,1,0,-2,2,0,0,1,0,-1,-1,1,-1,1,-1,0,0,1,0,-1,1,0,1,-2,2,"등산은 산을 오르며 자연과 교감하고 체력을 기르는 대표적인 아웃도어 활동입니다.\n초보자는 낮은 산부터 시작하여 점차 높고 험한 산에 도전하며, 날씨와 계절을 고려한 안전한 계획이 필수입니다.\n등산로 정보를 미리 파악하고 체력에 맞는 코스를 선택하는 것이 중요하며, 응급상황에 대비한 준비도 필요합니다.\n정상 정복의 성취감과 함께 사계절 다른 자연의 모습을 감상할 수 있어 정신적 힐링 효과가 큽니다.\n꾸준한 등산을 통해 하체 근력과 심폐 지구력이 향상되며, 자연과의 교감을 통해 스트레스가 해소됩니다.\n\n자연을 사랑하고 도전정신이 있는 사람에게 잘 맞는 취미입니다.\n1. 체력 향상과 다이어트 효과가 뛰어난 전신 운동\n2. 계절과 산마다 다른 경치와 경험 제공\n3. 비교적 저렴한 비용으로 시작 가능\n4. 혼자서도 그룹으로도 즐길 수 있는 유연성\n5. 목표 설정과 달성을 통한 성취감 경험\n6. 등산 동호회를 통한 새로운 인맥 형성 기회","등산화(발목 보호 기능)|등산복(땀 배출 기능)|배낭(적정 용량 선택)|등산스틱(무릎 보호)|물통(충분한 수분 공급)|행동식(에너지바, 견과류)|헤드랜턴(야간 또는 터널용)|응급처치용품|등산지도|나침반|휴대폰 보조배터리|선크림|모자"
캠핑,Camping,"자연 속에서 하룻밤 이상 머물며 일상에서 벗어나 자연과 교감하는 활동으로, 요리부터 텐트 설치까지 다양한 기술을 익히며 힐링과 모험을 동시에 경험하는 취미",0,0,0,-2,2,1,-1,1,1,0,0,1,0,1,0,1,0,0,0,-1,1,1,0,0,2,"캠핑은 자연 속에서 하룻밤 이상 머물며 일상의 스트레스에서 벗어나는 대표적인 아웃도어 활동입니다.\n텐트 설치부터 화롯불 피우기, 야외 요리까지 다양한 기술을 익히며 자립심을 기를 수 있습니다.\n캠핑장 예약과 날씨 확인, 안전 수칙 숙지가 중요하며, 자연 보호를 위한 에티켓을 지켜야 합니다.\n가족이나 친구들과 함께하는 캠핑은 소중한 추억을 만들고 관계를 더욱 돈독하게 합니다.\n별이 가득한 밤하늘 아래에서 보내는 시간은 도시에서 경험할 수 없는 특별한 힐링을 선사합니다.\n\n자연을 좋아하고 새로운 경험을 추구하는 사람에게 잘 맞는 취미입니다.\n1. 도시 생활에서 벗어나 완전한 힐링과 휴식 제공\n2. 가족, 친구와 함께하는 소중한 시간 공유\n3. 다양한 캠핑 기술과 요리법 습득 가능\n4. 전국 각지의 아름다운 캠핑장 탐방 기회\n5. 초기 장비 투자 후 경제적인 여행 방식\n6. 자연 보호 의식과 환경 감수성 향상",텐트(인원수에 맞는 크기)|침낭(계절별 온도 등급)|매트(바닥 단열용)|캠핑체어|캠핑테이블|버너(휴대용 가스버너)|코펠(캠핑용 조리기구)|쿨러박스(음식 보관용)|랜턴(LED 권장)|헤드랜턴|캠핑용 식기세트|화로대(캠프파이어용)|장작|라이터|방충제|구급상자|휴지|물통|캠핑용 의자|방수백
승마,Horseback Riding,"말과 교감하며 함께 달리는 귀족적인 스포츠로, 균형감각과 동물에 대한 이해가 필요하며 자연 속에서 우아함과 스릴을 동시에 느낄 수 있는 취미",1,1,2,-1,1,0,1,-1,-1,-1,0,0,0,1,2,2,2,1,1,-2,2,-1,2,0,0,"승마는 말과 교감하며 함께 달리는 고급스러운 스포츠로, 오랜 역사를 가진 귀족적인 취미입니다.\n초보자는 승마장에서 전문 강사의 지도하에 말의 특성과 기본 자세부터 배우며, 점차 트롯과 갤럽까지 익힙니다.\n말과의 교감이 가장 중요하며, 말의 성격과 상태를 이해하고 존중하는 마음가짐이 필요합니다.\n균형감각과 코어 근력이 발달하며, 말과 함께하는 승마는 독특한 운동 효과와 정신적 만족감을 제공합니다.\n자연 속에서 말과 함께 달리는 경험은 일상에서 느낄 수 없는 특별한 자유로움과 우아함을 선사합니다.\n\n동물을 사랑하고 새로운 도전을 즐기는 사람에게 잘 맞는 취미입니다.\n1. 말과의 특별한 교감을 통한 정서적 안정감\n2. 균형감각과 코어 근력 향상에 탁월한 효과\n3. 귀족적이고 우아한 이미지의 고급 스포츠\n4. 자연 속에서 즐기는 독특한 운동 경험\n5. 승마 클럽을 통한 품격 있는 인맥 형성\n6. 높은 집중력과 책임감 개발","승마모(안전모)|승마복(바지, 상의)|승마부츠(발목 보호)|승마장갑(그립력 향상)|보호대(등, 무릎)|채찍(보조 도구)|고삐|안장|등자|마구|말 브러시|당근(말 간식)|물|수건|응급처치용품|선크림"
러닝,Running,"언제 어디서나 할 수 있는 가장 기본적인 유산소 운동으로, 체력 향상과 정신적 스트레스 해소에 탁월하며 목표 달성을 통한 성취감을 느낄 수 있는 취미",2,2,0,-1,1,-1,2,0,-1,-2,-1,0,-1,2,-2,-1,-1,0,0,0,1,1,2,-2,0,"러닝은 언제 어디서나 할 수 있는 가장 기본적이면서도 효과적인 유산소 운동입니다.\n초보자는 걷기부터 시작하여 점차 뛰는 시간을 늘려가며, 자신의 페이스를 찾아 꾸준히 지속하는 것이 중요합니다.\n올바른 러닝 폼과 호흡법을 익히면 부상을 예방하고 더 효율적으로 운동할 수 있습니다.\n마라톤 대회 참가나 개인 기록 단축 등 구체적인 목표를 세우면 더욱 큰 동기부여와 성취감을 얻을 수 있습니다.\n심폐 지구력 향상과 다이어트 효과가 뛰어나며, 뇌에서 분비되는 엔돌핀으로 인한 기분 전환 효과도 큽니다.\n\n건강을 중시하고 꾸준한 자기관리를 좋아하는 사람에게 잘 맞는 취미입니다.\n1. 별도의 시설이나 장비 없이 언제든 시작 가능\n2. 심폐 지구력과 하체 근력 향상에 탁월한 효과\n3. 다이어트와 체중 관리에 가장 효과적인 운동\n4. 스트레스 해소와 정신 건강 개선 효과\n5. 마라톤 등 목표 달성을 통한 성취감 경험\n6. 러닝 크루 참여를 통한 건전한 인맥 형성","러닝화(쿠셔닝 기능)|운동복(땀 배출 소재)|스포츠브라(여성용)|러닝워치(거리, 페이스 측정)|이어폰(무선 권장)|물병(수분 보충용)|러닝벨트(소지품 보관)|선크림|모자|선글라스|타올|스포츠음료|에너지젤|심박계|러닝 앱"
라이딩,Riding,"자전거나 오토바이를 타고 도로나 산길을 달리는 활동으로, 속도감과 자유로움을 느끼며 새로운 장소를 탐험하고 체력도 기를 수 있는 취미",1,1,1,-2,2,1,1,0,0,-1,0,0,0,1,0,1,1,0,1,-1,1,1,1,-1,1,"라이딩은 자전거나 오토바이를 타고 다양한 코스를 달리며 속도감과 자유로움을 만끽하는 활동입니다.\n자전거 라이딩은 친환경적이고 건강에 좋으며, 오토바이 라이딩은 더 큰 스릴과 원거리 여행이 가능합니다.\n안전장비 착용과 교통법규 준수가 필수이며, 날씨와 도로 상황을 항상 고려해야 합니다.\n도심부터 산악지대, 해안도로까지 다양한 코스를 탐험하며 새로운 장소를 발견하는 재미가 있습니다.\n라이딩 동호회 활동을 통해 같은 취미를 가진 사람들과 함께 투어를 즐기며 우정을 나눌 수 있습니다.\n\n모험을 좋아하고 자유로운 영혼을 가진 사람에게 잘 맞는 취미입니다.\n1. 바람을 맞으며 느끼는 극한의 자유로움과 해방감\n2. 새로운 장소와 경치를 탐험하는 여행의 즐거움\n3. 자전거는 친환경적이고 경제적인 이동 수단\n4. 하체 근력과 심폐 지구력 향상 효과\n5. 라이딩 그룹을 통한 활동적인 인맥 형성\n6. 계절과 날씨에 따른 다양한 라이딩 경험",자전거/오토바이|헬멧(안전 필수)|라이딩복(보호 기능)|장갑(그립감 향상)|라이딩화(발목 보호)|선글라스|백팩(라이딩용)|수리도구|펌프|예비 튜브|체인오일|물병|에너지바|휴대폰거치대|내비게이션|응급처치용품|우비|보조배터리
요트 보트,Yacht Boat,"바다나 호수에서 배를 조종하며 항해하는 활동으로, 바람과 물의 흐름을 읽는 기술이 필요하며 자연과의 조화 속에서 우아함과 모험을 경험하는 취미",1,0,1,-2,2,1,0,1,0,0,1,0,1,1,2,2,2,1,1,-2,2,0,0,0,2,"요트나 보트를 이용한 항해는 바다나 호수에서 바람과 물의 힘을 이용해 이동하는 우아한 수상 활동입니다.\n항해술과 기상 지식을 익혀야 하며, 바람의 방향과 세기, 조류와 파도를 읽는 능력이 중요합니다.\n보트 면허 취득이 필요하고, 안전 수칙과 항해 에티켓을 반드시 숙지해야 합니다.\n푸른 바다 위에서의 항해는 일상에서 경험할 수 없는 평온함과 자유로움을 제공합니다.\n선셋 크루즈나 낚시와 결합한 활동 등 다양한 방식으로 즐길 수 있어 매력적입니다.\n\n바다를 사랑하고 여유로운 라이프스타일을 추구하는 사람에게 잘 맞는 취미입니다.\n1. 바다 위에서 느끼는 극한의 평온함과 자유로움\n2. 바람과 물의 자연 에너지를 활용하는 친환경 활동\n3. 항해술과 기상 지식 등 전문 기술 습득\n4. 럭셔리하고 품격 있는 레저 활동\n5. 요트 클럽을 통한 상류층 인맥 형성 기회\n6. 해안 도시 여행과 연계한 특별한 경험",요트/보트|구명조끼(필수 안전장비)|항해 지도|GPS 내비게이션|라디오(비상 연락용)|로프|앵커|구급상자|플레어(비상 신호용)|선글라스|선크림|모자|방수백|망원경|낚시도구|쿨러박스|음료수|간식|배터리|충전기
보드 인라인,Board Inline Skating,"바퀴가 달린 보드나 인라인스케이트로 활주하는 활동으로, 균형감각과 기술 연마를 통해 스타일리시한 움직임과 스릴을 동시에 경험할 수 있는 취미",2,1,1,0,1,-1,1,0,0,1,-1,0,0,1,0,0,1,0,1,0,1,1,0,0,0,"보드나 인라인스케이트는 바퀴의 힘으로 활주하며 스타일리시한 움직임을 즐기는 도시형 스포츠입니다.\n스케이트보드, 롱보드, 인라인스케이트 등 다양한 종류가 있으며, 각각 다른 매력과 기술을 제공합니다.\n균형감각과 중심 이동 기술이 핵심이며, 넘어지는 법부터 배워 안전하게 즐기는 것이 중요합니다.\n트릭 연습을 통해 개성 있는 스타일을 개발할 수 있고, 스케이트 파크에서 다양한 기술에 도전할 수 있습니다.\n도심 곳곳을 누비며 이동하는 재미와 함께 운동 효과도 얻을 수 있는 실용적인 취미입니다.\n\n젊은 감각과 개성을 중시하는 사람에게 잘 맞는 취미입니다.\n1. 스타일리시하고 개성 넘치는 도시형 스포츠\n2. 이동 수단으로도 활용 가능한 실용성\n3. 균형감각과 코어 근력 향상에 효과적\n4. 다양한 트릭과 기술 개발의 재미\n5. 스케이트 파크에서의 커뮤니티 활동\n6. 비교적 저렴한 비용으로 시작 가능",보드/인라인스케이트|헬멧(머리 보호)|무릎보호대|팔꿈치보호대|손목보호대|운동화(그립감 좋은)|편한 옷(움직임 자유로운)|백팩|물병|타올|선크림|응급처치용품|여분 바퀴|베어링|도구세트|휴대폰|이어폰
다이빙,Diving,"수중 세계를 탐험하며 바다 생물들과 만나는 활동으로, 안전 수칙과 장비 사용법을 익혀 평소 볼 수 없는 신비로운 바다 속 경험을 하는 취미",0,1,2,-2,2,2,1,0,0,0,0,1,0,0,2,2,2,1,0,-2,2,0,1,0,2,"스쿠버다이빙은 수중 호흡장치를 이용해 바다 속 세계를 탐험하는 신비로운 활동입니다.\n다이빙 자격증 취득이 필수이며, 수중 안전 규칙과 장비 사용법을 철저히 익혀야 합니다.\n버디 시스템으로 항상 파트너와 함께 다이빙하며, 수중에서의 의사소통 방법도 중요합니다.\n산호초, 난파선, 수중 동굴 등 다양한 다이빙 포인트에서 각기 다른 매력을 경험할 수 있습니다.\n바다 생물들과의 만남과 수중 사진 촬영을 통해 특별한 추억을 만들 수 있습니다.\n\n모험을 좋아하고 자연의 신비를 탐구하고 싶은 사람에게 잘 맞는 취미입니다.\n1. 지상에서 볼 수 없는 신비로운 수중 세계 탐험\n2. 형형색색의 바다 생물들과의 특별한 만남\n3. 전 세계 유명 다이빙 포인트 여행 기회\n4. 무중력 상태에서 느끼는 독특한 경험\n5. 다이빙 로그북을 통한 경험 기록과 성장\n6. 수중 사진/영상 촬영을 통한 창작 활동",다이빙 슈트(웻슈트)|마스크|스노클|핀|레귤레이터|BCD(부력조절기)|공기통|다이빙 컴퓨터|수중 랜턴|다이빙 나이프|수중 카메라|로그북|다이빙 백|수건|샴푸|로션|선크림|구급상자|다이빙 자격증
스키 스노우보드,Ski Snowboard,"눈 덮인 슬로프를 미끄러져 내려오는 겨울 스포츠로, 균형감각과 기술이 필요하며 설산의 아름다운 경치와 함께 스릴 넘치는 속도감을 경험하는 취미",2,2,1,-2,2,2,0,1,0,0,0,1,0,1,1,1,2,1,1,-1,2,1,0,0,2,"스키와 스노우보드는 눈 덮인 슬로프를 미끄러져 내려오며 겨울의 매력을 만끽하는 대표적인 윈터 스포츠입니다.\n초보자는 스키장의 초급 슬로프에서 강사의 지도를 받으며 기본기부터 차근차근 익혀야 합니다.\n균형감각과 무게 중심 이동이 핵심 기술이며, 넘어지는 방법과 안전 수칙도 반드시 숙지해야 합니다.\n파우더 스노우부터 아이싱 슬로프까지 다양한 설질에서 각기 다른 재미를 경험할 수 있습니다.\n설산의 아름다운 경치와 함께 스릴 넘치는 속도감을 즐기며, 겨울철만의 특별한 레저를 경험합니다.\n\n스릴을 좋아하고 겨울 스포츠에 관심이 많은 사람에게 잘 맞는 취미입니다.\n1. 겨울철에만 즐길 수 있는 시즌 스포츠의 특별함\n2. 설산의 아름다운 경치와 함께하는 낭만적 경험\n3. 스릴 넘치는 속도감과 성취감 동시 경험\n4. 전신 근육 사용으로 뛰어난 운동 효과\n5. 스키장에서의 아프레스키 문화 즐기기\n6. 겨울 휴가지 여행과 연계한 특별한 경험","스키/스노우보드|스키화/보드화|스키복(방수, 방풍)|장갑(방수 기능)|고글(자외선 차단)|헬멧(안전모)|목워머|스키양말|핫팩|선크림(설맹 방지)|리프트권|로커(짐 보관)|응급처치용품|보온병|간식|스키왁스|도구세트"
낚시,Fishing,"물고기를 잡으며 자연과 교감하는 정적인 활동으로, 인내심과 집중력이 필요하며 평온한 시간 속에서 스트레스를 해소하고 성취감을 느낄 수 있는 취미",-1,-1,1,-1,1,0,2,0,-1,-1,0,0,0,2,-1,0,0,1,2,-2,0,0,2,-1,2,"낚시는 물고기를 잡으며 자연과 교감하는 정적이고 명상적인 활동입니다.\n민물낚시와 바다낚시로 나뉘며, 각각 다른 장비와 기법이 필요하고 잡을 수 있는 어종도 다릅니다.\n미끼 선택, 포인트 찾기, 날씨와 조류 파악 등 다양한 지식과 경험이 필요한 깊이 있는 취미입니다.\n인내심과 집중력을 기르며, 물고기가 걸렸을 때의 손맛과 성취감은 낚시만의 특별한 매력입니다.\n혼자만의 조용한 시간을 통해 일상의 스트레스를 해소하고 마음의 평안을 찾을 수 있습니다.\n\n여유로움을 추구하고 자연을 사랑하는 사람에게 잘 맞는 취미입니다.\n1. 조용하고 평온한 환경에서의 명상적 경험\n2. 인내심과 집중력 향상에 도움\n3. 자연 속에서의 완전한 휴식과 스트레스 해소\n4. 계절과 장소에 따른 다양한 어종 경험\n5. 낚은 물고기로 요리하는 즐거움\n6. 낚시 동호회를 통한 정보 교류와 인맥 형성","낚싯대(장르별 선택)|릴(스피닝/베이트캐스팅)|낚싯줄|바늘|미끼(지렁이, 크릴 등)|밑밥|낚시의자|아이스박스|랜턴|낚시가방|플라이어(바늘 제거용)|낚시모|선글라스|자외선차단제|물|도시락|핫팩|우비|낚시 면허(해당시)|타올"
패러글라이딩,Paragliding,"낙하산을 이용해 하늘을 나는 익스트림 스포츠로, 바람의 흐름을 읽는 기술과 용기가 필요하며 하늘에서 내려다보는 경치와 함께 극한의 자유로움을 경험하는 취미",1,0,2,-2,2,2,2,-1,-1,-1,1,1,1,1,2,2,2,0,2,-2,2,-1,-1,-1,2,"패러글라이딩은 낙하산 형태의 글라이더를 이용해 산이나 언덕에서 이륙하여 하늘을 활공하는 스포츠입니다. 이륙 전, 장비 점검과 안전 교육이 필수이며, 바람의 방향과 세기를 읽는 능력이 매우 중요합니다. 초보자는 전문 강사와 함께 체험 비행을 통해 안전하게 시작할 수 있습니다. 하늘 위에서 바라보는 경치와 자유로움은 일상에서 느끼기 힘든 짜릿함을 선사합니다.\n모험을 즐기고 새로운 시각에서 세상을 바라보고 싶은 사람에게 잘 맞는 취미에요!\n1. 높은 고도와 속도에서 느끼는 극한의 해방감\n2. 바람과 기상 조건에 따라 매번 다른 경험\n3. 심리적 용기와 순간 판단력 요구\n4. 전문 장비와 안전 교육 필수\n5. 국내외 유명 패러글라이딩 명소 여행 가능\n6. 체험비용이 있으나, 장비 구입 시 장기적으로 경제적","패러글라이더(글라이더, 하네스 포함)|헬멧|보조 낙하산|장갑|고글|방풍 재킷|튼튼한 운동화|무전기(필요 시)|GPS(선택사항)|선크림|응급처치용품|물병|샤워용품"
요가,Yoga,"몸과 마음의 균형을 찾는 수련으로, 유연성과 집중력을 기르며 호흡과 자세를 통해 내면의 평화와 신체의 건강을 동시에 추구하는 취미",0,0,1,1,-1,-2,2,0,-1,-1,-1,1,-1,2,-1,-1,0,0,0,-2,1,0,2,-1,-1,"요가는 호흡과 명상, 다양한 자세(아사나)를 통해 몸과 마음의 균형을 찾는 수련입니다. 꾸준히 하면 유연성, 근력, 집중력, 스트레스 해소에 탁월한 효과가 있습니다. 초보자는 요가 강사의 지도를 받으며 기초 자세와 호흡법을 익히는 것이 좋습니다.\n내면의 평화와 건강한 라이프스타일을 추구하는 사람에게 잘 맞는 취미에요!\n1. 신체 유연성 및 근력 향상\n2. 스트레스 해소와 심신 안정 효과\n3. 장소와 시간의 제약이 적음\n4. 다양한 요가 스타일 선택 가능\n5. 꾸준한 수련이 중요\n6. 명상과 호흡법을 통한 자기관리 가능",요가매트|편안한 요가복|요가 블록(선택사항)|요가 스트랩(선택사항)|물병|타월|헤어밴드|아로마 오일(선택사항)
필라테스,Pilates,"코어 근육을 중심으로 한 운동법으로, 정확한 자세와 호흡이 중요하며 근력과 유연성을 동시에 기르면서 몸의 균형을 맞춰가는 취미",1,1,1,1,-2,-2,1,0,-1,-1,0,0,0,1,0,0,0,0,0,-2,1,0,2,-1,-2,"필라테스는 코어 근육을 강화하고 자세 교정, 유연성 향상에 효과적인 운동입니다. 기구 필라테스와 매트 필라테스로 나뉘며, 정확한 자세와 호흡법이 중요합니다. 꾸준히 하면 몸의 균형과 라인 개선에 큰 도움이 됩니다.\n체형 교정과 코어 근력 강화에 관심 있는 사람에게 잘 맞는 취미에요!\n1. 체형 개선 및 근력, 유연성 동시 향상\n2. 부상 예방과 재활 운동으로도 활용\n3. 정확한 자세와 호흡법이 중요\n4. 개인별 맞춤 운동 가능\n5. 전문 강사 지도 시 효과 극대화\n6. 실내 운동으로 계절 영향 적음","필라테스 매트|편안한 운동복|필라테스 링/폼롤러(선택사항)|소도구(밴드, 볼 등)|물병|타월|헤어밴드"
헬스,Fitness,"웨이트 트레이닝을 통해 근력과 체력을 기르는 운동으로, 체계적인 운동 계획과 꾸준함이 필요하며 몸의 변화를 통해 자신감과 성취감을 얻는 취미",1,2,0,2,-2,-2,2,-1,-1,-1,-1,0,0,1,0,0,0,0,1,0,1,1,2,-2,-2,"헬스는 웨이트 트레이닝과 유산소 운동을 통해 근력, 체력, 몸매 개선을 목표로 하는 운동입니다. 체계적인 운동 계획과 꾸준함이 중요하며, 목표에 따라 다양한 운동법을 선택할 수 있습니다.\n자기관리와 신체 변화에 도전하고 싶은 사람에게 잘 맞는 취미에요!\n1. 근력 및 체력 향상, 몸매 개선\n2. 목표 설정과 성취감 경험\n3. 다양한 운동 기구 활용 가능\n4. 운동 루틴 맞춤 설계\n5. 꾸준함과 자기관리 필수\n6. 실내 운동으로 날씨 영향 적음",운동복|운동화|물병|장갑(선택사항)|타월|헬스장 이용권|운동 노트/앱|보충제(선택사항)|샤워용품
크로스핏,CrossFit,"다양한 기능성 운동을 고강도로 수행하는 피트니스 프로그램으로, 전신 근력과 심폐지구력을 동시에 기르며 한계를 극복하는 성취감을 경험하는 취미",2,2,1,1,-2,-2,0,1,0,0,-1,0,0,1,0,0,1,0,2,1,1,1,2,-1,-2,"크로스핏은 중량 운동, 유산소, 체중 운동 등 다양한 기능성 운동을 고강도로 반복하는 피트니스 프로그램입니다. 전신 근력과 심폐지구력을 동시에 기를 수 있으며, 그룹 운동의 동기부여 효과도 큽니다.\n한계에 도전하고 팀원과 함께 성장하고 싶은 사람에게 잘 맞는 취미에요!\n1. 전신 근력, 지구력, 민첩성 동시 향상\n2. 매일 다른 WOD(Workout of the Day)로 지루함 없음\n3. 팀원과의 유대감, 동기부여\n4. 고강도 운동으로 체력 소모 큼\n5. 전문 코치 지도 아래 안전하게 진행\n6. 기록 관리와 성취감 경험",운동복|운동화|물병|손목 보호대(선택사항)|장갑(선택사항)|타월|크로스핏 박스 이용권|보호대(선택사항)|샤워용품
홈 피트니스,Home Fitness,"집에서 할 수 있는 운동으로, 시간과 장소의 제약 없이 체력을 기르고 건강을 관리할 수 있으며 개인의 페이스에 맞춰 꾸준히 할 수 있는 취미",1,1,0,2,-2,-2,2,-2,-2,-1,-1,0,-1,1,-2,-1,-1,-1,0,-1,0,1,2,-2,-2,"홈 피트니스는 집에서 간단한 운동기구 또는 맨몸 운동으로 체력과 건강을 관리할 수 있는 운동입니다. 시간과 장소의 제약이 없고, 개인의 페이스에 맞춰 꾸준히 할 수 있습니다.\n자기주도적으로 건강을 관리하고 싶은 사람에게 잘 맞는 취미에요!\n1. 시간, 장소 제약 없이 운동 가능\n2. 경제적이고 효율적인 건강관리\n3. 다양한 운동 영상과 앱 활용\n4. 자기주도적 계획과 실천 필요\n5. 운동 루틴 맞춤 설계\n6. 가족과 함께 할 수도 있음",운동복|운동화|요가매트|덤벨/밴드(선택사항)|폼롤러(선택사항)|물병|타월|운동 앱/영상|샤워용품
헤어메이크업,Hair Makeup,"헤어스타일링과 메이크업 기술을 익히는 미용 분야로, 창의성과 섬세함이 필요하며 자신만의 스타일을 만들어가는 예술적 취미",-1,-2,1,1,-2,-2,1,-1,-1,2,-1,0,-1,0,0,0,0,0,-1,-2,0,1,0,1,-2,"헤어/메이크업은 다양한 스타일링과 메이크업 기술을 익히며 자신만의 개성을 표현하는 미용 취미입니다. 트렌드를 반영하거나 창의적으로 스타일을 연출할 수 있으며, 꾸준한 연습과 정보 탐색이 중요합니다.\n자신만의 스타일을 만들고 외모에 자신감을 얻고 싶은 사람에게 잘 맞는 취미에요!\n1. 창의성과 섬세함을 동시에 기를 수 있음\n2. 다양한 뷰티 트렌드 경험\n3. 자기표현과 자기관리 효과\n4. 꾸준한 연습과 정보 탐색 필요\n5. 뷰티 커뮤니티 활동 가능\n6. 소규모 투자로 시작 가능","헤어 브러시|고데기/드라이기|헤어 제품(왁스, 스프레이 등)|메이크업 브러시|메이크업 제품(파운데이션, 립 등)|거울|화장솜/클렌징 제품|핀셋/아이래쉬 컬러|파우치"
스파 마사지,Spa Massage,"몸의 피로를 풀고 마음의 안정을 찾는 힐링 활동으로, 전문적인 케어를 통해 스트레스를 해소하고 몸과 마음의 건강을 동시에 관리하는 취미",-2,-2,-1,1,-2,-1,2,-2,-1,-2,-2,1,-2,2,1,-2,-2,-2,-2,-2,1,0,-1,-2,-2,"스파/마사지는 전문 마사지, 아로마 테라피, 족욕 등 다양한 방법으로 몸의 피로를 풀고 심신의 안정을 찾는 힐링 취미입니다. 전문 샵 이용 또는 홈케어 모두 가능하며, 꾸준히 하면 건강 유지와 스트레스 해소에 효과적입니다.\n피로 해소와 휴식을 중시하는 사람에게 잘 맞는 취미에요!\n1. 스트레스 해소와 심신 안정\n2. 전문 케어로 건강 관리\n3. 홈케어와 샵 이용 모두 가능\n4. 다양한 마사지 및 스파 프로그램\n5. 일상 속 힐링 타임 제공\n6. 비교적 간단하게 시작 가능",마사지 오일/크림|아로마 캔들/디퓨저|마사지 롤러/기기(선택사항)|타월|족욕기(선택사항)|편안한 옷|음악/조명(선택사항)|물병
피부관리,Skin Care,"피부 건강과 미용을 위한 케어 활동으로, 꾸준한 관리와 올바른 제품 사용이 중요하며 자신감 향상과 건강한 피부를 위한 투자하는 취미",-1,-2,0,1,-2,-2,2,-1,-1,-1,-1,0,-1,1,0,-1,-1,-1,-1,-2,0,1,2,-1,-2,"피부관리는 클렌징, 보습, 자외선 차단 등 꾸준한 관리와 올바른 제품 선택을 통해 건강한 피부를 유지하는 미용 취미입니다. 피부 타입에 맞는 루틴을 찾는 것이 중요하며, 전문가의 상담을 받으면 더욱 효과적입니다.\n외모 관리와 자신감 향상에 관심 있는 사람에게 잘 맞는 취미에요!\n1. 꾸준한 관리로 피부 건강 유지\n2. 다양한 제품과 루틴 경험\n3. 전문가 상담 시 효과 극대화\n4. 계절과 피부 타입에 따라 맞춤 관리\n5. 비교적 적은 시간 투자로 효과\n6. 자기관리 습관 형성 가능",클렌저|토너|에센스/세럼|수분크림|자외선차단제|각질제거제(선택사항)|마스크팩|면봉/화장솜|수건
네일 페디,Nail Pedi,"손톱과 발톱을 아름답게 꾸미는 미용 활동으로, 세밀한 작업과 디자인 감각이 필요하며 작은 부분에서도 아름다움을 창조하는 예술적 취미",-1,-2,1,1,-2,-2,1,-1,-1,2,-1,0,0,0,-1,0,0,0,-1,-2,0,1,1,1,-2,"네일/페디는 손톱과 발톱을 꾸미고 관리하는 미용 취미로, 세밀한 작업과 디자인 감각이 중요합니다. 다양한 컬러와 아트 기법을 활용해 창의성을 발휘할 수 있습니다.\n작은 부분에서도 아름다움을 찾고 싶은 사람에게 잘 맞는 취미에요!\n1. 세밀한 작업과 집중력 향상\n2. 다양한 디자인과 컬러 경험\n3. 자기표현과 창의성 발휘\n4. 비교적 적은 공간과 비용으로 시작 가능\n5. 꾸준한 관리와 연습 필요\n6. 뷰티 커뮤니티와 정보 공유 가능",네일 파일|버퍼|큐티클 푸셔|네일 폴리시|젤램프(젤네일 시)|아트 스티커|리무버|면봉/화장솜|핸드크림
왁싱,Waxing,"체모 제거를 통한 미용 관리로, 전문적인 기술과 위생 관리가 중요하며 깔끔한 외모 관리를 통해 자신감을 높일 수 있는 취미",-1,-2,0,1,-2,-2,1,-1,-1,-2,-1,-1,-1,0,0,-1,-1,-1,-1,-2,-1,0,1,0,-2,"왁싱은 체모를 제거하여 깔끔한 외모를 유지하는 미용 관리입니다. 위생과 전문성이 중요하며, 꾸준한 관리로 자신감을 높일 수 있습니다. 피부 자극을 최소화하는 방법과 사후 관리가 중요합니다.\n깔끔한 외모와 자기관리에 관심 있는 사람에게 잘 맞는 취미에요!\n1. 위생적이고 전문적인 관리 필요\n2. 다양한 부위에 적용 가능\n3. 꾸준한 관리로 효과 극대화\n4. 피부 타입에 맞는 제품 선택 중요\n5. 셀프 또는 전문샵 이용 가능\n6. 비교적 짧은 시간 투자로 효과",왁싱 스트립|왁스|스파츌라|애프터케어 크림|장갑|타월|클렌저|진정제
속눈썹,Eyelash,"속눈썹 연장이나 퍼밍을 통해 눈매를 아름답게 꾸미는 미용 활동으로, 섬세한 기술과 미적 감각이 필요하며 얼굴 인상을 돋보이게 하는 취미",-1,-2,2,1,-2,-2,1,-1,-1,1,-1,0,0,0,-1,0,0,0,-1,-2,0,1,0,1,-2,"속눈썹 관리는 연장, 펌, 틴트 등 다양한 방법으로 눈매를 또렷하게 만들어주는 미용 활동입니다. 섬세한 손기술과 위생 관리가 중요하며, 자연스러운 아름다움을 추구할 수 있습니다.\n눈매를 강조하고 싶은 사람에게 잘 맞는 취미에요!\n1. 섬세한 작업과 집중력 필요\n2. 다양한 스타일 연출 가능\n3. 위생과 안전 관리 중요\n4. 셀프 또는 전문샵 이용 가능\n5. 꾸준한 관리로 효과 유지\n6. 비교적 짧은 시간 투자로 변화 경험","속눈썹 연장재료(글루, 인조 속눈썹 등)|속눈썹 펌 키트|핀셋|브러시|클렌저|패치|면봉|영양제"
뷰티컨설팅,Beauty Consulting,"개인의 외모와 스타일에 맞는 뷰티 조언을 제공하는 활동으로, 미용 지식과 소통 능력이 필요하며 타인의 아름다움을 발견하고 도와주는 보람있는 취미",-1,-2,1,0,-1,-1,-1,1,1,1,1,0,1,1,-1,0,0,1,0,-2,1,1,0,0,-2,"뷰티컨설팅은 개인의 피부, 헤어, 메이크업, 패션 등 다양한 분야에서 맞춤형 조언을 제공하는 활동입니다. 미용 트렌드와 소통 능력이 중요하며, 타인의 변화를 돕는 보람을 느낄 수 있습니다.\n타인의 아름다움을 발견하고 도와주고 싶은 사람에게 잘 맞는 취미에요!\n1. 미용 지식과 트렌드 파악 필요\n2. 소통과 공감 능력 중요\n3. 다양한 스타일 제안 가능\n4. 자기계발과 성장 경험\n5. 뷰티 커뮤니티 활동 가능\n6. 비교적 적은 비용으로 시작 가능",피부 진단기(선택사항)|메이크업 샘플|헤어 스타일링 도구|패션 소품|노트/플래너|거울|상담 자료
가죽공예,Leather Craft,"가죽을 이용해 다양한 제품을 만드는 수공예로, 정밀한 손기술과 인내심이 필요하며 오래도록 사용할 수 있는 실용적이면서 아름다운 작품을 만드는 취미",-1,-1,1,1,-2,-2,2,-1,-1,2,0,0,1,1,0,1,1,1,0,-2,1,0,1,2,-2,"가죽공예는 가죽을 재단, 바느질, 염색 등 다양한 기법으로 가방, 지갑, 소품 등을 만드는 수공예입니다. 정밀한 손기술과 인내심이 필요하며, 실용적이면서도 개성 있는 작품을 완성할 수 있습니다.\n오래 사용할 수 있는 나만의 소품을 만들고 싶은 사람에게 잘 맞는 취미에요!\n1. 정교한 손기술과 집중력 필요\n2. 다양한 디자인과 실용성 경험\n3. 창의적이고 개성 있는 작품 제작\n4. 꾸준한 연습과 시간 투자 필요\n5. 선물용으로도 활용 가능\n6. 비교적 소규모 공간에서 작업 가능",가죽 원단|재단칼|바늘과 실|가죽 본드|엣지코트|망치|펀치|재단판|클립|염색제|마감제|자
도자기공예,Pottery,"흙을 빚어 그릇이나 장식품을 만드는 전통 공예로, 집중력과 손기술이 필요하며 불로 구워내는 과정을 통해 완성되는 작품에서 큰 성취감을 느끼는 취미",0,-1,1,1,-2,-2,2,0,-1,2,0,0,1,1,0,1,1,2,1,-2,1,0,1,2,-2,"도자기공예는 흙을 빚어 그릇, 장식품 등을 만드는 전통 수공예입니다. 물레 사용, 조형, 유약 바르기, 가마 소성 등 다양한 과정을 거치며, 완성된 작품에서 큰 성취감을 느낄 수 있습니다.\n전통과 예술을 동시에 경험하고 싶은 사람에게 잘 맞는 취미에요!\n1. 집중력과 인내심 필요\n2. 다양한 형태와 디자인 창작 가능\n3. 불로 구워내는 특별한 과정 경험\n4. 실용적이면서도 예술적인 작품 제작\n5. 꾸준한 연습과 시간 투자 필요\n6. 소규모 또는 공방에서 작업 가능",도예용 흙|물레(선택)|조각도구|유약|가마(공방 이용)|스펀지|붓|방수 앞치마|물통|비닐|작업판
플라워공예,Flower Craft,"꽃과 식물을 이용해 장식품이나 부케를 만드는 예술 활동으로, 미적 감각과 섬세함이 필요하며 자연의 아름다움을 작품으로 표현하는 힐링되는 취미",-1,-2,1,1,-2,-2,1,0,-1,2,-1,1,0,1,-1,0,0,0,-1,-2,1,1,0,1,-2,"플라워공예는 생화, 조화, 드라이플라워 등 다양한 꽃을 활용해 부케, 리스, 소품 등을 만드는 예술 활동입니다. 미적 감각과 섬세함이 필요하며, 자연의 아름다움을 작품으로 표현할 수 있습니다.\n자연을 사랑하고 감성적인 작품을 만들고 싶은 사람에게 잘 맞는 취미에요!\n1. 미적 감각과 창의성 필요\n2. 다양한 소재와 디자인 경험\n3. 힐링과 스트레스 해소 효과\n4. 선물용, 인테리어 소품 제작 가능\n5. 비교적 적은 공간에서 작업 가능\n6. 계절별 다양한 꽃 활용 가능",생화/조화/드라이플라워|플로럴 폼|가위|와이어|플로럴 테이프|글루건|리본|화병|포장지|장식 소품
목공,Woodworking,"나무를 이용해 가구나 소품을 만드는 수공예로, 정교한 기술과 도구 사용법이 필요하며 실용적이면서 개성 있는 작품을 직접 만드는 성취감을 느끼는 취미",0,0,1,1,-1,-2,2,-1,-1,1,0,0,1,1,-1,1,2,2,1,-2,1,0,1,2,-1,"목공은 나무를 재단, 조립, 마감하여 가구, 소품 등을 만드는 수공예입니다. 정교한 도구 사용과 설계 능력이 필요하며, 실용적이면서도 개성 있는 작품을 직접 만들 수 있습니다.\n직접 만든 가구나 소품에 애정을 느끼고 싶은 사람에게 잘 맞는 취미에요!\n1. 정밀한 기술과 도구 사용 필요\n2. 실용성과 창의성 동시 경험\n3. 다양한 목재와 마감재 활용 가능\n4. 꾸준한 연습과 시간 투자 필요\n5. 안전 관리 중요\n6. 공방 또는 소규모 작업실에서 가능","목재|톱|망치|못/피스|드릴|사포|본드|자|연필|마감 오일/페인트|작업대|보호장비(장갑, 안경)"
캔들공예, Candle Craft,"왁스를 이용해 양초를 만드는 공예 활동으로, 향과 색깔을 조합하는 창의성이 필요하며 완성된 캔들의 따뜻한 분위기를 통해 힐링을 경험하는 취미",-1,-2,0,1,-2,-2,2,-1,-1,1,-1,0,0,0,-1,-1,0,0,-1,-2,0,1,0,1,-2,"캔들공예는 다양한 왁스와 향료, 색소를 조합해 나만의 양초를 만드는 창의적인 활동입니다. 완성된 캔들은 인테리어 소품이나 선물로도 활용할 수 있습니다.\n향기와 분위기를 중요시하는 사람에게 잘 맞는 취미에요!\n1. 창의성과 감각 필요\n2. 다양한 향과 색상 조합 가능\n3. 힐링과 스트레스 해소 효과\n4. 선물용, 인테리어 소품 제작 가능\n5. 비교적 적은 공간에서 작업 가능\n6. 안전한 작업 환경 필요",캔들 왁스|향료|색소|심지|용기|온도계|비커|저울|스틱|글루건|포장지|장갑|작업매트
비누공예,Soap Craft,"천연 재료로 비누를 만드는 수제 공예로, 화학적 지식과 창의성이 필요하며 실용적이면서 개성 있는 비누를 만들어 일상에서 사용하는 취미",-1,-2,0,1,-2,-2,2,-1,-1,1,0,0,1,0,-1,-1,0,1,0,-2,0,1,0,1,-2,"비누공예는 천연 오일, 허브, 색소 등을 활용해 다양한 모양과 향의 비누를 만드는 수공예입니다. 화학적 지식과 창의성이 필요하며, 실용적이면서도 개성 있는 비누를 직접 사용할 수 있습니다.\n자연 친화적이고 실용적인 취미를 원하는 사람에게 잘 맞는 취미에요!\n1. 창의성과 실용성 동시 경험\n2. 다양한 재료와 디자인 활용 가능\n3. 피부 타입에 맞는 비누 제작 가능\n4. 선물용, 일상용 모두 활용 가능\n5. 비교적 적은 공간에서 작업 가능\n6. 안전한 작업 환경 필요",비누 베이스|천연 오일|에센셜 오일|색소|몰드|계량컵|저울|스틱|비커|장갑|포장지|작업매트
향수만들기,Perfume Making,"다양한 향료를 조합해 나만의 향수를 만드는 예술적 활동으로, 후각의 민감함과 조향 지식이 필요하며 개성 있는 향을 창조하는 창의적인 취미",-1,-2,1,1,-2,-2,2,-1,-1,2,0,0,0,1,-1,0,0,1,0,-2,1,1,0,1,-2,"향수만들기는 다양한 향료와 에센셜 오일을 조합해 자신만의 향을 창조하는 예술적 활동입니다. 후각의 민감함과 조향 지식이 필요하며, 개성 있는 향을 직접 만들 수 있습니다.\n나만의 향을 만들고 싶은 사람에게 잘 맞는 취미에요!\n1. 창의성과 감각 필요\n2. 다양한 향료와 조합 경험\n3. 선물용, 일상용 모두 활용 가능\n4. 비교적 적은 공간에서 작업 가능\n5. 안전한 작업 환경 필요\n6. 조향 지식 습득 가능",에센셜 오일|향료|알코올|스포이드|비커|저울|공병|스틱|장갑|포장지|작업매트
레진아트,Resin Art,"에폭시 레진을 이용한 투명하고 입체적인 예술 작품을 만드는 공예로, 정밀함과 창의성이 필요하며 독특하고 아름다운 작품을 만드는 현대적인 취미",-1,-2,1,1,-2,-2,2,-1,-1,2,-1,0,0,1,-1,0,0,1,0,-2,1,1,0,1,-2,"레진아트는 에폭시 레진과 다양한 몰드, 색소, 장식재를 활용해 투명하고 입체적인 작품을 만드는 현대 공예입니다. 정밀함과 창의성이 필요하며, 독특한 소품을 직접 만들 수 있습니다.\n특별하고 개성 있는 작품을 만들고 싶은 사람에게 잘 맞는 취미에요!\n1. 창의성과 정밀함 필요\n2. 다양한 재료와 디자인 활용 가능\n3. 선물용, 인테리어 소품 제작 가능\n4. 비교적 적은 공간에서 작업 가능\n5. 안전한 작업 환경 필요\n6. 꾸준한 연습과 시간 투자 필요",에폭시 레진|경화제|몰드|색소|글리터|장식재|스틱|저울|비커|장갑|포장지|작업매트
액세서리공예,Accessory Craft,"구슬, 와이어 등을 이용해 목걸이, 팔찌 등을 만드는 수공예로, 섬세한 손기술과 디자인 감각이 필요하며 개성 있는 장신구를 직접 만드는 취미",-1,-2,1,1,-2,-2,2,-1,-1,2,-1,0,0,1,-1,-1,0,0,-1,-2,0,1,0,2,-2,"액세서리공예는 구슬, 와이어, 체인 등 다양한 재료를 활용해 목걸이, 팔찌, 귀걸이 등 장신구를 만드는 수공예입니다. 섬세한 손기술과 디자인 감각이 필요하며, 개성 있는 작품을 직접 만들 수 있습니다.\n자신만의 스타일을 표현하고 싶은 사람에게 잘 맞는 취미에요!\n1. 섬세한 손기술과 창의성 필요\n2. 다양한 재료와 디자인 활용 가능\n3. 선물용, 일상용 모두 활용 가능\n4. 비교적 적은 공간에서 작업 가능\n5. 꾸준한 연습과 시간 투자 필요\n6. 뷰티 커뮤니티와 정보 공유 가능",구슬|와이어|체인|고리|펜치|니퍼|비즈매트|디자인판|포장지|장식재|글루건|작업매트
유리공예,Glass Craft,"유리를 가공해 예술품이나 실용품을 만드는 전문 공예로, 고온 작업과 정교한 기술이 필요하며 투명하고 아름다운 유리 작품을 창조하는 취미",0,-1,2,0,-1,-2,1,-1,-1,2,0,0,1,1,0,1,2,2,1,-2,1,0,0,2,-1,"유리공예는 유리를 절단, 융합, 성형 등 다양한 기법으로 가공해 예술품이나 실용품을 만드는 전문 공예입니다. 고온 작업과 정밀한 기술이 필요하며, 투명하고 아름다운 작품을 직접 만들 수 있습니다.\n특별한 예술적 경험을 원하는 사람에게 잘 맞는 취미에요!\n1. 정밀한 기술과 안전 관리 필요\n2. 다양한 기법과 디자인 경험\n3. 예술적, 실용적 작품 제작 가능\n4. 꾸준한 연습과 시간 투자 필요\n5. 공방 또는 전문 시설 필요\n6. 선물용, 인테리어 소품 제작 가능",유리 원판/봉|절단기|융합로/램프|성형 도구|장갑|보호안경|집게|연마기|마감재|작업매트|포장지
실공예,Thread Craft,"털실이나 실을 이용해 뜨개질이나 자수 등을 하는 전통 공예로, 반복적인 작업을 통한 명상 효과와 함께 실용적인 작품을 만들어가는 힐링되는 취미",-1,-2,0,1,-2,-2,2,0,-1,1,-1,0,0,2,-1,-1,0,0,1,-2,0,1,2,2,-2,"실공예는 털실, 면사 등 다양한 실을 이용해 뜨개질, 자수, 매듭 등으로 소품을 만드는 전통 공예입니다. 반복적인 작업을 통해 명상 효과와 성취감을 얻을 수 있습니다.\n차분한 작업과 힐링을 원하는 사람에게 잘 맞는 취미에요!\n1. 반복적이고 집중력 있는 작업 필요\n2. 다양한 실과 기법 활용 가능\n3. 실용적이고 따뜻한 소품 제작\n4. 비교적 적은 공간에서 작업 가능\n5. 꾸준한 연습과 시간 투자 필요\n6. 선물용, 인테리어 소품 제작 가능",털실/면사|바늘(뜨개/자수)|가위|자|디자인 도안|핀|바늘꽂이|포장지|작업매트
라탄공예,Rattan Craft,"라탄(등나무)을 엮어 바구니나 가구를 만드는 전통 공예로, 손기술과 인내심이 필요하며 자연 소재로 만든 친환경적이고 실용적인 작품을 완성하는 취미",0,-1,1,1,-2,-2,2,-1,-1,1,0,0,1,1,-1,0,0,1,1,-2,1,0,1,2,-2,"라탄공예는 라탄(등나무)을 엮어 바구니, 소품, 가구 등을 만드는 전통 수공예입니다. 손기술과 인내심이 필요하며, 친환경적이고 실용적인 작품을 완성할 수 있습니다.\n자연 소재의 따뜻함과 실용성을 중시하는 사람에게 잘 맞는 취미에요!\n1. 손기술과 인내심 필요\n2. 친환경적이고 실용적인 작품 제작\n3. 다양한 디자인과 크기 경험\n4. 꾸준한 연습과 시간 투자 필요\n5. 비교적 적은 공간에서 작업 가능\n6. 선물용, 인테리어 소품 제작 가능",라탄 소재|가위|송곳|집게|본드|자|디자인 도안|마감재|포장지|작업매트
댄스,Dance,"음악에 맞춰 몸을 움직이는 예술적 표현 활동으로, 리듬감과 표현력이 필요하며 다양한 장르를 통해 감정을 표현하고 체력도 기를 수 있는 취미",2,1,0,0,-1,-2,0,1,1,2,-1,2,-1,1,-1,-1,0,0,1,0,2,2,1,1,-1,"댄스는 음악에 맞춰 몸을 움직이며 감정을 표현하는 예술적 활동입니다. 다양한 장르(발레, 재즈, 힙합, 살사 등)를 통해 개성과 창의성을 발휘할 수 있습니다.\n리듬감과 표현력을 중시하는 사람에게 잘 맞는 취미에요!\n1. 리듬감과 표현력 향상\n2. 다양한 장르와 스타일 경험\n3. 체력 향상과 다이어트 효과\n4. 자신감과 자아표현 능력 개발\n5. 그룹 활동을 통한 사회성 향상\n6. 공연을 통한 성취감과 보람",댄스화|운동복|음악 플레이어|거울|바닥 매트|발레바|스피커|조명|메이크업|의상
클라이밍,Climbing,"인공 암벽이나 자연 암벽을 오르는 스포츠로, 근력과 문제 해결 능력이 필요하며 목표 지점에 도달했을 때의 성취감과 스릴을 동시에 경험하는 취미",1,2,1,0,0,-1,1,0,0,-1,1,0,1,1,0,1,1,1,2,0,2,1,1,1,0,클라이밍은 인공 암벽이나 자연 암벽을 오르며 근력과 문제 해결 능력을 기르는 스포츠입니다. 다양한 홀드와 루트를 통해 전략적 사고와 체력을 동시에 발달시킬 수 있습니다.\n도전정신과 문제 해결 능력을 중시하는 사람에게 잘 맞는 취미에요!\n1. 전신 근력과 유연성 향상\n2. 문제 해결 능력과 전략적 사고 개발\n3. 높이에 대한 두려움 극복\n4. 다양한 난이도의 루트 도전\n5. 클라이밍장에서의 새로운 인맥 형성\n6. 목표 달성의 성취감과 자신감,클라이밍화|하네스|카라비너|빨랫줄|마그네슘|헬멧|등산복|글러브|안전장비|등반용품
실내다이빙,Indoor Diving,"수영장에서 스쿠버 장비를 이용한 다이빙 연습으로, 실제 바다 다이빙의 기초 기술을 익히며 수중에서의 특별한 경험을 안전하게 시작할 수 있는 취미",0,1,1,2,-2,-2,1,0,0,0,0,0,0,0,0,1,1,1,0,-2,1,0,1,0,-2,실내다이빙은 수영장에서 스쿠버 장비를 이용해 수중 환경을 안전하게 경험하는 활동입니다. 실제 바다 다이빙의 기초 기술을 익히고 수중에서의 특별한 경험을 할 수 있습니다.\n수중 세계에 관심이 있고 안전한 환경에서 다이빙을 시작하고 싶은 사람에게 잘 맞는 취미에요!\n1. 안전한 환경에서 수중 경험\n2. 스쿠버 다이빙 기초 기술 습득\n3. 수중 호흡과 압력 적응 훈련\n4. 실제 바다 다이빙을 위한 준비\n5. 수영장 시설을 활용한 편리한 접근\n6. 전문 강사의 지도로 안전한 학습,스쿠버 장비|수영복|고글|핀|BCD|레귤레이터|게이지|마스크|웨이트|안전장비
스쿼시,Squash,"네 면이 벽으로 둘러싸인 코트에서 하는 실내 라켓 스포츠로, 빠른 반사신경과 체력이 필요하며 좁은 공간에서 집중적인 운동 효과를 경험하는 취미",2,2,1,2,-2,-2,0,1,0,-1,0,0,0,1,0,0,1,0,1,0,1,1,1,0,-2,"스쿼시는 네 벽으로 둘러싸인 코트에서 라켓과 공을 이용해 빠르게 경기를 펼치는 실내 스포츠입니다. 반사신경과 순발력, 체력이 중요하며, 좁은 공간에서 집중적인 운동 효과를 얻을 수 있습니다.\n빠른 경기와 강한 운동 강도를 원하는 사람에게 잘 맞는 취미에요!\n1. 빠른 반사신경과 순발력 필요\n2. 실내에서 즐기는 고강도 운동\n3. 남녀노소 누구나 쉽게 시작 가능\n4. 짧은 시간에 많은 운동량 소화\n5. 경기 규칙이 비교적 간단\n6. 동호회 활동 및 대회 참가 가능",라켓|스쿼시공|실내 운동화|운동복|타월|물병|손목밴드|헤어밴드|코트 이용권
탁구,Table Tennis,"작은 공을 라켓으로 주고받는 실내 스포츠로, 빠른 반사신경과 집중력이 필요하며 남녀노소 누구나 쉽게 즐길 수 있는 대중적인 취미",1,0,1,1,-2,-2,0,1,0,-1,0,0,0,1,-1,-1,0,0,1,0,0,1,0,0,-2,"탁구는 작은 공을 라켓으로 주고받으며 빠른 반사신경과 집중력을 기르는 실내 스포츠입니다. 남녀노소 누구나 쉽게 시작할 수 있고, 짧은 시간에도 운동 효과가 뛰어납니다.\n간편하게 즐길 수 있는 실내 스포츠를 찾는 사람에게 잘 맞는 취미에요!\n1. 빠른 반사신경과 집중력 필요\n2. 남녀노소 누구나 즐길 수 있음\n3. 실내에서 날씨 영향 없이 가능\n4. 장비와 공간이 비교적 간단\n5. 동호회 및 대회 참가 가능\n6. 가족, 친구와 함께 즐기기 좋음",탁구 라켓|탁구공|탁구대|실내 운동화|운동복|타월|물병
테니스,Tennis,"라켓으로 공을 주고받는 대표적인 라켓 스포츠로, 체력과 기술이 모두 필요하며 정확성과 전략적 사고를 통해 경기의 재미를 느낄 수 있는 취미",1,1,1,-1,1,-1,0,1,0,0,0,0,1,1,0,0,1,1,1,0,1,1,1,0,1,"테니스는 라켓과 공을 이용해 넓은 코트에서 경기를 펼치는 대표적인 라켓 스포츠입니다. 체력과 기술, 전략적 사고가 모두 필요하며, 경기의 박진감과 성취감을 동시에 느낄 수 있습니다.\n활동적이고 도전적인 스포츠를 좋아하는 사람에게 잘 맞는 취미에요!\n1. 체력과 기술, 전략 동시 요구\n2. 실내외 모두 즐길 수 있음\n3. 다양한 경기 방식(단식, 복식)\n4. 꾸준한 연습으로 실력 향상 가능\n5. 동호회 및 대회 참가 기회 많음\n6. 사회적 네트워킹 효과",테니스 라켓|테니스공|운동화(테니스화)|운동복|손목밴드|모자|타월|물병|코트 이용권
배드민턴,Badminton,"가벼운 셔틀콕을 라켓으로 주고받는 스포츠로, 빠른 움직임과 정확성이 필요하며 실내외에서 모두 즐길 수 있어 접근성이 좋은 취미",1,1,1,0,0,-2,0,1,0,-1,0,0,0,1,-1,-1,0,0,0,0,0,1,0,0,0,"배드민턴은 가벼운 셔틀콕을 라켓으로 주고받으며 빠른 움직임과 정확성을 기르는 스포츠입니다. 실내외 어디서나 쉽게 즐길 수 있고, 남녀노소 모두에게 인기 있는 취미입니다.\n가볍게 시작할 수 있는 운동을 찾는 사람에게 잘 맞는 취미에요!\n1. 빠른 움직임과 정확성 필요\n2. 실내외 모두 가능해 접근성 높음\n3. 장비가 간단하고 휴대성 좋음\n4. 가족, 친구와 함께 즐기기 좋음\n5. 동호회 및 대회 참가 가능\n6. 운동 효과가 뛰어남",배드민턴 라켓|셔틀콕|운동화|운동복|타월|물병|코트 이용권
당구,Billiards,"큐로 공을 쳐서 목표구를 넣는 정밀한 스포츠로, 집중력과 계산 능력이 필요하며 정교한 기술과 전략을 통해 성취감을 느낄 수 있는 취미",-1,-1,2,2,-2,-2,1,0,0,-2,1,-1,2,0,-1,0,0,1,1,0,-1,0,1,1,-2,"당구는 큐로 공을 쳐서 목표구를 넣는 정밀한 스포츠입니다. 집중력과 계산 능력, 정교한 기술이 필요하며, 전략적인 플레이를 통해 성취감을 얻을 수 있습니다.\n정적인 스포츠와 두뇌 플레이를 좋아하는 사람에게 잘 맞는 취미에요!\n1. 집중력과 계산 능력 필요\n2. 정교한 기술과 전략적 사고\n3. 실내에서 날씨 영향 없이 가능\n4. 다양한 게임 방식(포켓, 캐롬 등)\n5. 동호회 및 대회 참가 가능\n6. 비교적 적은 신체 부담",큐|당구공|초크|장갑(선택)|당구대|타월|물병|코인/이용권
농구,Basketball,"공을 골대에 넣는 팀 스포츠로, 순발력과 체력이 필요하며 팀워크와 개인 기술을 모두 기를 수 있어 다양한 재미를 경험할 수 있는 취미",2,2,0,-1,1,-2,-1,2,1,-1,0,0,0,1,-1,-1,0,0,1,1,1,1,1,0,1,"농구는 공을 드리블하고 패스하며 골대에 넣는 팀 스포츠입니다. 순발력과 체력, 팀워크가 중요하며, 개인 기술과 전략을 통해 다양한 재미를 경험할 수 있습니다.\n활동적이고 팀 스포츠를 좋아하는 사람에게 잘 맞는 취미에요!\n1. 순발력과 체력, 팀워크 필요\n2. 실내외 모두 즐길 수 있음\n3. 다양한 포지션과 역할 경험\n4. 꾸준한 연습으로 실력 향상 가능\n5. 동호회 및 대회 참가 기회 많음\n6. 사회적 네트워킹 효과",농구공|운동화(농구화)|운동복|타월|물병|골대|코트 이용권|손목밴드|무릎보호대(선택)
축구,Soccer,"발로 공을 차서 골을 넣는 세계적인 스포츠로, 체력과 팀워크가 중요하며 경기의 스릴과 함께 동료들과의 협력을 통해 큰 재미를 느끼는 취미",2,2,0,-1,1,-2,-2,2,2,0,-1,1,0,1,-1,-1,0,0,1,1,2,2,1,0,1,"축구/풋살은 발로 공을 차서 골을 넣는 대표적인 팀 스포츠입니다. 체력과 팀워크, 전략적 사고가 중요하며, 경기의 스릴과 협동심을 동시에 경험할 수 있습니다.\n경쟁과 협동을 모두 즐기고 싶은 사람에게 잘 맞는 취미에요!\n1. 체력과 팀워크, 전략 필요\n2. 실내외 모두 즐길 수 있음\n3. 다양한 포지션과 역할 경험\n4. 꾸준한 연습과 경기 참가 가능\n5. 동호회 및 대회 참가 기회 많음\n6. 사회적 네트워킹 효과",축구공/풋살공|운동화(축구화)|운동복|타월|물병|골대|코트 이용권|정강이보호대|장갑(골키퍼용)
킥복싱,Kickboxing,"발차기와 주먹을 이용한 격투 스포츠로, 전신 운동 효과가 뛰어나며 스트레스 해소와 함께 자기방어 기술을 익힐 수 있는 실용적인 취미",2,2,1,1,-2,-2,1,0,0,-1,0,1,0,2,0,0,1,1,1,-1,1,1,2,1,-2,"킥복싱은 발차기와 주먹을 이용해 전신을 단련하는 격투 스포츠입니다. 체력과 근력, 순발력이 중요하며, 스트레스 해소와 자기방어 기술 습득에 효과적입니다.\n강한 운동과 자기방어에 관심 있는 사람에게 잘 맞는 취미에요!\n1. 전신 운동 효과 뛰어남\n2. 스트레스 해소와 자기방어 가능\n3. 체력과 근력, 순발력 필요\n4. 꾸준한 연습과 체계적 훈련 필요\n5. 동호회 및 대회 참가 가능\n6. 전문 지도자 지도 시 효과 극대화",글러브|킥패드|샌드백|운동화|운동복|타월|물병|손목/발목 보호대|마우스피스|헤드기어(선택)
펜싱,Fencing,"검을 이용한 우아한 격투 스포츠로, 빠른 판단력과 정확성이 필요하며 예의와 품격을 중시하는 신사적인 스포츠의 매력을 경험하는 취미",1,1,2,1,-2,-2,1,0,0,0,1,0,1,1,0,1,1,2,1,-1,1,0,1,1,-2,"펜싱은 검을 이용해 상대와 대결하는 우아한 격투 스포츠입니다. 빠른 판단력과 정확성, 예의와 품격을 중시하며, 신사적인 스포츠의 매력을 경험할 수 있습니다.\n정확성과 전략, 품격을 중시하는 사람에게 잘 맞는 취미에요!\n1. 빠른 판단력과 정확성 필요\n2. 예의와 품격 중시\n3. 다양한 무기(플뢰레, 에페, 사브르) 경험\n4. 꾸준한 연습과 체계적 훈련 필요\n5. 동호회 및 대회 참가 가능\n6. 전문 지도자 지도 시 효과 극대화",펜싱 검|펜싱복|마스크|장갑|운동화|운동복|타월|물병|보호대|코치/클럽 이용권
카포에라,Capoeira,"브라질의 전통 무술과 댄스가 결합된 예술적 격투기로, 음악과 함께 아크로바틱한 동작을 통해 몸의 유연성과 리듬감을 동시에 기르는 독특한 취미",2,1,1,0,-1,-2,0,1,1,2,0,1,0,1,0,0,1,1,1,0,1,1,1,1,-1,"카포에라는 브라질의 전통 무술과 댄스가 결합된 독특한 격투기입니다. 음악과 함께 아크로바틱한 동작을 통해 유연성과 리듬감을 기를 수 있습니다.\n음악과 운동, 무술을 동시에 즐기고 싶은 사람에게 잘 맞는 취미에요!\n1. 유연성과 리듬감, 근력 필요\n2. 음악과 함께하는 독특한 경험\n3. 다양한 동작과 기술 습득 가능\n4. 꾸준한 연습과 체계적 훈련 필요\n5. 동호회 및 공연 참가 가능\n6. 문화적 교류와 네트워킹 효과",운동복|운동화|카포에라 악기(베림바우 등)|타월|물병|보호대(선택)|동호회/클럽 이용권
복싱,Boxing,"주먹을 이용한 대표적인 격투 스포츠로, 체력과 정신력을 동시에 기를 수 있으며 강인한 정신력과 함께 뛰어난 운동 효과를 경험하는 취미",2,2,1,1,-2,-2,1,0,0,-1,0,1,0,2,0,0,1,1,1,0,1,1,2,1,-2,"복싱은 주먹을 이용해 상대와 대결하는 대표적인 격투 스포츠입니다. 체력과 근력, 정신력이 중요하며, 강인한 정신력과 뛰어난 운동 효과를 경험할 수 있습니다.\n강한 운동과 자기 단련에 관심 있는 사람에게 잘 맞는 취미에요!\n1. 체력과 근력, 정신력 필요\n2. 스트레스 해소와 자기방어 가능\n3. 꾸준한 연습과 체계적 훈련 필요\n4. 동호회 및 대회 참가 가능\n5. 전문 지도자 지도 시 효과 극대화\n6. 비교적 적은 장비로 시작 가능",글러브|핸드랩|샌드백|운동화|운동복|타월|물병|마우스피스|헤드기어(선택)
주짓수,Jiu-Jitsu,"바닥에서 벌어지는 그래플링 중심의 무술로, 기술과 전략이 중요하며 체중이나 힘의 차이를 극복할 수 있는 효율적인 격투 기술을 배우는 취미",1,1,2,1,-2,-2,1,0,0,-1,1,0,1,1,0,1,1,2,1,-1,1,1,2,1,-2,"주짓수는 바닥에서 벌어지는 그래플링 중심의 무술로, 기술과 전략이 중요합니다. 체중이나 힘의 차이를 극복할 수 있는 효율적인 격투 기술을 배울 수 있습니다.\n기술과 전략, 자기방어에 관심 있는 사람에게 잘 맞는 취미에요!\n1. 기술과 전략적 사고 필요\n2. 체중, 힘의 차이 극복 가능\n3. 꾸준한 연습과 체계적 훈련 필요\n4. 동호회 및 대회 참가 가능\n5. 전문 지도자 지도 시 효과 극대화\n6. 비교적 적은 장비로 시작 가능",도복|벨트|운동복|타월|물병|매트(도장)|헤드기어(선택)
유도,Judo,"상대를 넘어뜨리는 것이 목표인 일본 전통 무술로, 균형감각과 기술이 중요하며 예의와 정신 수양을 함께 배우는 전통적인 무도의 정신을 경험하는 취미",1,1,1,1,-2,-2,1,0,0,-1,0,0,1,1,0,0,0,1,1,-1,0,1,2,1,-2,"유도는 상대를 넘어뜨리는 것이 목표인 일본 전통 무술입니다. 균형감각과 기술, 예의와 정신 수양이 중요하며, 전통적인 무도의 가치를 경험할 수 있습니다.\n정신 수양과 전통 무도에 관심 있는 사람에게 잘 맞는 취미에요!\n1. 균형감각과 기술, 예의 필요\n2. 꾸준한 연습과 체계적 훈련 필요\n3. 동호회 및 대회 참가 가능\n4. 전문 지도자 지도 시 효과 극대화\n5. 비교적 적은 장비로 시작 가능\n6. 전통 무도 문화 경험",도복|벨트|운동복|타월|물병|매트(도장)|헤드기어(선택)
검도,Kendo,"일본 검술의 현대적 계승으로, 정신 수양과 함께 검을 다루는 기술을 익히며 예의와 집중력을 통해 무도의 정신적 가치를 체험하는 취미",1,1,2,1,-2,-2,1,0,0,-1,1,1,1,1,0,1,1,2,1,-1,1,1,2,2,-2,"검도는 일본 검술을 현대적으로 계승한 무도로, 정신 수양과 검을 다루는 기술, 예의와 집중력을 동시에 기를 수 있습니다. 무도의 정신적 가치를 체험할 수 있습니다.\n정신 수양과 무도, 검술에 관심 있는 사람에게 잘 맞는 취미에요!\n1. 정신 수양과 집중력 필요\n2. 검술 기술 습득 가능\n3. 꾸준한 연습과 체계적 훈련 필요\n4. 동호회 및 대회 참가 가능\n5. 전문 지도자 지도 시 효과 극대화\n6. 전통 무도 문화 경험",죽도|도복|호구|운동복|타월|물병|매트(도장)|헤드기어(선택)
태권도,Taekwondo,"발차기가 특징인 한국 전통 무술로, 유연성과 순발력을 기르며 품새와 겨루기를 통해 몸과 마음을 단련하는 우리나라 대표 무도",1,1,1,1,-1,-2,1,0,0,-1,0,1,0,1,0,0,0,1,1,-1,1,1,2,1,-1,"태권도는 발차기가 특징인 한국 전통 무술로, 유연성과 순발력, 품새와 겨루기를 통해 몸과 마음을 단련할 수 있습니다. 우리나라 대표 무도로, 전통과 현대를 아우르는 무도입니다.\n유연성과 순발력, 전통 무도에 관심 있는 사람에게 잘 맞는 취미에요!\n1. 유연성과 순발력 필요\n2. 꾸준한 연습과 체계적 훈련 필요\n3. 동호회 및 대회 참가 가능\n4. 전문 지도자 지도 시 효과 극대화\n5. 비교적 적은 장비로 시작 가능\n6. 전통 무도 문화 경험",도복|벨트|운동복|타월|물병|매트(도장)|헤드기어(선택)
무에타이,Muay Thai,"태국의 전통 격투기로, 주먹, 발, 무릎, 팔꿈치를 모두 사용하는 강력한 타격 기술을 익히며 전신의 근력과 체력을 극대화하는 실전적인 취미",2,2,1,1,-2,-2,1,0,0,-1,0,1,0,2,0,0,1,1,1,0,1,1,2,1,-2,"무에타이는 태국의 전통 격투기로, 주먹, 발, 무릎, 팔꿈치를 모두 사용하는 강력한 타격 기술을 익힐 수 있습니다. 전신의 근력과 체력을 극대화하는 실전적인 무술입니다.\n강한 운동과 실전 무술에 관심 있는 사람에게 잘 맞는 취미에요!\n1. 전신 근력과 체력 필요\n2. 다양한 타격 기술 습득 가능\n3. 꾸준한 연습과 체계적 훈련 필요\n4. 동호회 및 대회 참가 가능\n5. 전문 지도자 지도 시 효과 극대화\n6. 비교적 적은 장비로 시작 가능",글러브|킥패드|샌드백|운동화|운동복|타월|물병|손목/발목 보호대|마우스피스|헤드기어(선택)
수영,Swimming,"물 속에서 하는 전신 유산소 운동으로, 관절에 무리가 적으면서도 뛰어난 운동 효과를 얻을 수 있으며 다양한 영법을 통해 기술적 향상을 경험하는 취미",1,1,0,0,-1,-2,2,0,-1,-1,-1,0,0,1,-1,0,0,1,0,-1,1,1,2,-1,-1,"수영은 물 속에서 전신을 사용하는 유산소 운동으로, 관절에 무리가 적으면서도 뛰어난 운동 효과를 얻을 수 있습니다. 다양한 영법을 통해 기술적 향상과 건강 증진이 가능합니다.\n관절에 부담 없이 전신 운동을 하고 싶은 사람에게 잘 맞는 취미에요!\n1. 전신 유산소 운동 효과\n2. 관절에 무리 적음\n3. 다양한 영법과 기술 습득 가능\n4. 꾸준한 연습과 체계적 훈련 필요\n5. 동호회 및 대회 참가 가능\n6. 비교적 적은 장비로 시작 가능",수영복|수경|수모|수건|물병|귀마개(선택)|코마개(선택)|핀(선택)|샤워용품
스케이트,Skating,"빙판이나 바닥에서 스케이트를 신고 미끄러지는 활동으로, 균형감각과 우아한 움직임이 필요하며 자유롭게 활주하는 즐거움을 경험하는 취미",1,1,1,0,-1,-1,1,0,0,0,-1,1,0,1,0,0,1,0,0,0,1,1,0,0,-1,"스케이트는 빙판이나 바닥에서 스케이트를 신고 미끄러지는 활동으로, 균형감각과 우아한 움직임이 필요합니다. 자유롭게 활주하는 즐거움을 경험할 수 있습니다.\n균형감각과 우아한 움직임을 기르고 싶은 사람에게 잘 맞는 취미에요!\n1. 균형감각 향상\n2. 우아한 움직임 습득\n3. 자유로운 활주 경험\n4. 꾸준한 연습과 기술 향상 필요\n5. 동호회 및 대회 참가 가능\n6. 계절에 따른 제약 있음","스케이트|보호장비(헬멧,무릎보호대,손목보호대)|긴양말|운동복|물병|가방"
베이킹,Baking,"빵이나 과자를 굽는 요리 활동으로, 정확한 계량과 과정이 중요하며 달콤한 향과 함께 완성된 결과물을 나누는 기쁨을 경험하는 창조적인 취미",-1,-1,1,1,-2,-2,1,0,0,1,0,0,0,1,-1,0,0,0,0,-2,0,1,0,1,-2,"베이킹은 빵이나 과자를 굽는 요리 활동으로, 정확한 계량과 과정이 중요합니다. 달콤한 향과 함께 완성된 결과물을 나누는 기쁨을 경험할 수 있습니다.\n정확한 계량과 창조적인 요리를 하고 싶은 사람에게 잘 맞는 취미에요!\n1. 정확한 계량과 과정 습득\n2. 창조적인 요리 경험\n3. 완성된 결과물의 성취감\n4. 다양한 레시피와 기술 학습\n5. 가족, 친구와의 소통 도구\n6. 초기 장비 투자 필요",오븐|믹서기|계량도구|베이킹팬|실리콘주걱|밀가루|설탕|계란|버터|향료
미술,Art,"그림을 그리거나 조각 등을 만드는 시각예술 활동으로, 창의성과 표현력을 기르며 내면의 감정과 생각을 작품으로 표현하는 예술적 취미",-1,-2,1,1,-1,-2,2,-1,-1,2,-1,2,1,0,-1,0,0,1,0,-2,1,2,0,1,-2,"미술은 그림을 그리거나 조각 등을 만드는 시각예술 활동으로, 창의성과 표현력을 기릅니다. 내면의 감정과 생각을 작품으로 표현할 수 있습니다.\n창의성과 표현력을 기르고 싶은 사람에게 잘 맞는 취미에요!\n1. 창의성과 표현력 향상\n2. 내면의 감정과 생각 표현\n3. 다양한 기법과 재료 학습\n4. 작품 완성의 성취감\n5. 전시회 및 작품 공유 가능\n6. 초기 재료 투자 필요",캔버스|붓|물감|팔레트|이젤|스케치북|연필|지우개|물통|앞치마
연기,Acting,"연극이나 영화에서 캐릭터를 연기하는 예술 활동으로, 표현력과 감정 전달 능력이 필요하며 다양한 인물을 통해 새로운 자아를 발견하는 창조적인 취미",0,-1,1,0,-1,-2,0,1,1,2,-1,2,0,1,-1,0,0,1,1,-1,2,2,1,1,-1,"연기는 연극이나 영화에서 캐릭터를 연기하는 예술 활동으로, 표현력과 감정 전달 능력이 필요합니다. 다양한 인물을 통해 새로운 자아를 발견할 수 있습니다.\n표현력과 감정 전달 능력을 기르고 싶은 사람에게 잘 맞는 취미에요!\n1. 표현력과 감정 전달 능력 향상\n2. 다양한 캐릭터 연기 경험\n3. 새로운 자아 발견\n4. 무대 공포증 극복\n5. 동호회 및 공연 참가 가능\n6. 전문 교육 과정 수강 권장",연기교재|거울|녹음기|의상|소품|메이크업도구|스크립트|연습공간
보컬,Vocal,"노래를 부르는 음악 활동으로, 발성과 감정 표현이 중요하며 자신만의 목소리로 음악을 해석하고 전달하는 감동적인 예술 취미",0,-1,1,0,-1,-2,1,0,0,1,0,2,0,0,-1,0,0,1,0,-1,1,2,1,1,-1,"보컬은 노래를 부르는 음악 활동으로, 발성과 감정 표현이 중요합니다. 자신만의 목소리로 음악을 해석하고 전달할 수 있습니다.\n발성과 감정 표현을 기르고 싶은 사람에게 잘 맞는 취미에요!\n1. 발성과 감정 표현 능력 향상\n2. 자신만의 목소리 개발\n3. 음악 해석과 전달 능력\n4. 꾸준한 연습과 훈련 필요\n5. 동호회 및 공연 참가 가능\n6. 전문 레슨 수강 권장",보컬교재|마이크|녹음기|거울|메트로놈|악보|연습공간|음료
작곡 프로듀싱,Composition Producing,"음악을 만들고 편곡하는 창작 활동으로, 음악 이론과 기술적 지식이 필요하며 자신만의 음악을 창조하는 높은 수준의 예술적 취미",-1,-2,2,1,-2,-2,2,-1,-1,2,1,1,1,2,0,1,1,2,1,-2,2,2,1,2,-2,"작곡/프로듀싱은 음악을 만들고 편곡하는 창작 활동으로, 음악 이론과 기술적 지식이 필요합니다. 자신만의 음악을 창조할 수 있습니다.\n음악 창작과 기술적 지식을 기르고 싶은 사람에게 잘 맞는 취미에요!\n1. 음악 이론과 기술적 지식 습득\n2. 자신만의 음악 창조\n3. 다양한 장르와 스타일 시도\n4. 음악 소프트웨어 활용 능력\n5. 작품 공유 및 협업 기회\n6. 전문 장비 투자 필요",DAW소프트웨어|오디오인터페이스|마이크|모니터스피커|MIDI키보드|헤드폰|악보용지|음악이론교재
피아노,Piano,"건반을 이용한 대표적인 악기 연주로, 손가락의 독립성과 음악적 감성이 필요하며 클래식부터 대중음악까지 다양한 장르를 연주할 수 있는 우아한 취미",0,-1,2,1,-2,-2,2,-1,-1,1,1,1,1,1,0,1,1,2,1,-2,1,2,2,2,-1,"피아노는 건반을 이용한 대표적인 악기 연주로, 손가락의 독립성과 음악적 감성이 필요합니다. 클래식부터 대중음악까지 다양한 장르를 연주할 수 있습니다.\n손가락의 독립성과 음악적 감성을 기르고 싶은 사람에게 잘 맞는 취미에요!\n1. 손가락의 독립성 향상\n2. 음악적 감성과 표현력 개발\n3. 다양한 장르 연주 가능\n4. 악보 읽기 능력 향상\n5. 독주 및 반주 기회\n6. 꾸준한 연습과 레슨 필요",피아노|악보|메트로놈|피아노벤치|악보집|연습실|튜닝도구|피아노교재
통기타,Acoustic Guitar,"어쿠스틱 기타로 연주하는 음악 활동으로, 코드와 핑거링 연습이 필요하며 캠프파이어나 모임에서 분위기를 만드는 친근하고 로맨틱한 취미",0,-1,1,0,0,-2,1,0,0,1,0,1,0,1,-1,-1,0,1,0,-1,0,1,1,1,-1,"통기타는 어쿠스틱 기타로 연주하는 음악 활동으로, 코드와 핑거링 연습이 필요합니다. 캠프파이어나 모임에서 분위기를 만들 수 있습니다.\n친근하고 로맨틱한 분위기를 만들고 싶은 사람에게 잘 맞는 취미에요!\n1. 코드와 핑거링 연습\n2. 친근하고 로맨틱한 분위기 연출\n3. 캠프파이어 및 모임에서 활용\n4. 반주 및 독주 가능\n5. 휴대가 간편한 악기\n6. 초보자도 쉽게 시작 가능",통기타|기타줄|튜너|기타케이스|피크|기타교재|기타스탠드|기타스트랩
클래식기타,Classical Guitar,"나일론 현을 사용하는 정통 기타 연주로, 정교한 테크닉과 음악적 해석이 필요하며 고전적이고 우아한 음악을 연주하는 품격 있는 취미",0,-1,2,1,-1,-2,2,-1,-1,1,1,1,1,1,0,0,1,2,1,-2,1,2,2,2,-1,"클래식기타는 나일론 현을 사용하는 정통 기타 연주로, 섬세한 테크닉과 음악적 해석이 필요합니다. 고전적이고 우아한 음악을 연주할 수 있습니다.\n정통 클래식 음악과 섬세한 연주를 좋아하는 사람에게 잘 맞는 취미에요!\n1. 정교한 테크닉과 음악적 해석 필요\n2. 다양한 클래식 레퍼토리 연주 가능\n3. 손가락 독립성과 표현력 향상\n4. 독주 및 앙상블 모두 가능\n5. 꾸준한 연습과 레슨 필요\n6. 무대 경험 및 콩쿠르 참가 가능",클래식기타|기타줄(나일론)|튜너|기타케이스|발판|악보집|피크(선택)|기타교재|기타스탠드|기타스트랩
드럼,Drums,"타악기를 이용한 리듬 연주로, 사지의 독립적인 움직임과 리듬감이 필요하며 밴드의 중심이 되어 강력한 비트를 만들어내는 역동적인 취미",1,0,1,0,-1,-2,0,1,0,1,0,1,0,1,-1,0,1,1,1,0,1,1,1,1,-1,드럼은 사지의 독립적인 움직임과 리듬감이 중요한 타악기 연주입니다. 밴드의 중심이 되어 강력한 비트를 만들어냅니다.\n리듬감과 에너지를 발산하고 싶은 사람에게 잘 맞는 취미에요!\n1. 사지의 독립적 움직임 필요\n2. 강한 리듬감과 에너지 발산\n3. 밴드 연주 및 합주 경험\n4. 다양한 음악 장르 연주 가능\n5. 꾸준한 연습과 체력 필요\n6. 공연 및 녹음 경험 가능,드럼세트|드럼스틱|드럼의자|메트로놈|이어플러그|연습패드|악보집|튜너(선택)|드럼교재|스틱가방
가야금,Gayageum,"한국 전통 현악기로, 섬세한 손기술과 전통 음악에 대한 이해가 필요하며 우리나라 고유의 아름다운 선율을 연주하는 문화적 가치가 높은 취미",0,-1,2,1,-1,-2,2,-1,-1,0,1,1,1,1,0,1,1,2,1,-2,1,1,2,2,-1,"가야금은 한국 전통 현악기로, 섬세한 손기술과 전통 음악에 대한 이해가 필요합니다. 고유의 아름다운 선율을 연주할 수 있습니다.\n전통 음악과 한국의 멋을 느끼고 싶은 사람에게 잘 맞는 취미에요!\n1. 섬세한 손기술과 집중력 필요\n2. 전통 음악에 대한 이해와 감상\n3. 다양한 곡 연주 및 창작 가능\n4. 꾸준한 연습과 레슨 필요\n5. 무대 경험 및 국악 경연 참가 가능\n6. 문화적 가치와 자부심 경험",가야금|가야금줄|조율기|악보집|연습용 방석|가야금교재|손톱가드|보관케이스|청소용 천
사진 영상,Photography Video,"카메라로 순간을 포착하거나 영상을 제작하는 시각예술로, 구도와 조명 감각이 필요하며 일상의 아름다운 순간들을 기록하고 표현하는 창조적인 취미",0,-1,1,-1,1,0,1,0,0,1,0,1,1,1,0,1,1,1,1,-1,1,1,1,1,1,"사진/영상은 카메라로 순간을 포착하거나 영상을 제작하는 시각예술 활동입니다. 구도와 조명 감각이 중요하며, 일상의 아름다움을 기록할 수 있습니다.\n일상을 기록하고 창의적으로 표현하고 싶은 사람에게 잘 맞는 취미에요!\n1. 구도와 조명 감각 필요\n2. 다양한 촬영 기법 습득 가능\n3. 사진/영상 편집 능력 향상\n4. 작품 공유 및 전시 경험\n5. 여행, 일상 등 다양한 주제 촬영\n6. 꾸준한 연습과 장비 활용 필요",카메라(DSLR/미러리스/스마트폰)|렌즈|삼각대|메모리카드|배터리|편집 소프트웨어|조명(선택)|필터|카메라가방|노트북|외장하드|프린터(선택)
투자 재테크,Investment Finance,"자산을 증식시키기 위한 금융 활동으로, 경제 지식과 분석 능력이 필요하며 장기적인 관점에서 재정적 자유를 추구하는 지적인 취미",-2,-2,2,1,-2,-2,2,-1,-1,-1,2,-1,2,2,-1,-1,-1,2,2,0,0,1,2,-1,-2,"투자/재테크는 자산을 증식시키기 위한 금융 활동으로, 경제 지식과 분석 능력이 중요합니다. 장기적인 관점에서 재정적 자유를 추구할 수 있습니다.\n경제적 성장과 자산관리에 관심 있는 사람에게 잘 맞는 취미에요!\n1. 경제 지식과 분석력 필요\n2. 다양한 투자 상품 경험 가능\n3. 장기적 목표 설정과 관리\n4. 리스크 관리와 정보 탐색 중요\n5. 꾸준한 학습과 실전 경험 필요\n6. 재정적 자유와 성취감 경험",증권계좌|금융서적|재테크 앱|노트북|뉴스/리서치자료|계산기|세무자료|포트폴리오 관리도구
영어,English,"영어 실력을 향상시키는 학습 활동으로, 꾸준한 연습과 반복이 필요하며 글로벌 소통 능력을 기르고 새로운 문화를 이해하는 지적 성장의 취미",-1,-2,1,1,-2,-2,2,-1,-1,0,1,0,1,1,0,-1,0,1,2,-1,0,1,2,0,-2,영어는 글로벌 소통 능력을 기르고 새로운 문화를 이해하는 데 도움이 되는 언어 학습 활동입니다. 꾸준한 연습과 반복이 중요합니다.\n국제적 소통과 자기계발에 관심 있는 사람에게 잘 맞는 취미에요!\n1. 꾸준한 연습과 반복 필요\n2. 다양한 학습 자료 활용 가능\n3. 실전 회화 및 작문 연습\n4. 문화적 이해와 교류 경험\n5. 시험 준비 및 자격증 취득 가능\n6. 온라인/오프라인 학습 병행 가능,영어교재|단어장|노트|사전/번역기|음성녹음기|온라인강의|영어뉴스/영화|스터디모임
일본어,Japanese,"일본어 실력을 기르는 언어 학습으로, 문자와 발음의 특성을 이해해야 하며 일본 문화와 함께 언어를 배워가는 문화적 이해를 동반하는 취미",-1,-2,1,1,-2,-2,2,-1,-1,0,1,0,1,1,0,-1,0,1,2,-1,0,1,2,0,-2,일본어는 문자와 발음의 특성을 이해하고 일본 문화를 함께 배우는 언어 학습 활동입니다. 문화적 이해와 실용성이 중요합니다.\n일본 문화와 언어에 관심 있는 사람에게 잘 맞는 취미에요!\n1. 문자와 발음 습득 필요\n2. 다양한 학습 자료 활용 가능\n3. 실전 회화 및 작문 연습\n4. 문화적 이해와 교류 경험\n5. 시험 준비 및 자격증 취득 가능\n6. 온라인/오프라인 학습 병행 가능,일본어교재|히라가나/가타카나표|노트|사전/번역기|음성녹음기|온라인강의|일본영화/애니|스터디모임
중국어,Chinese,"중국어를 배우는 언어 학습으로, 성조와 한자의 특성을 익혀야 하며 거대한 중화권 문화와 비즈니스 기회를 열어가는 실용적인 취미",-1,-2,1,1,-2,-2,2,-1,-1,0,1,0,1,1,0,-1,0,1,2,-1,0,1,2,0,-2,중국어는 성조와 한자의 특성을 익히며 중화권 문화와 비즈니스 기회를 넓힐 수 있는 언어 학습 활동입니다. 꾸준한 반복과 실전 연습이 중요합니다.\n중국 문화와 실용적 언어 능력에 관심 있는 사람에게 잘 맞는 취미에요!\n1. 성조와 한자 습득 필요\n2. 다양한 학습 자료 활용 가능\n3. 실전 회화 및 작문 연습\n4. 문화적 이해와 교류 경험\n5. 시험 준비 및 자격증 취득 가능\n6. 온라인/오프라인 학습 병행 가능,중국어교재|한자노트|사전/번역기|음성녹음기|온라인강의|중국영화/드라마|스터디모임
불어,French,"프랑스어를 익히는 언어 학습으로, 발음과 문법의 아름다움을 배우며 프랑스 문화와 예술에 대한 이해를 높이는 문화적 소양을 기르는 취미",-1,-2,1,1,-2,-2,2,-1,-1,0,1,0,1,1,0,-1,0,1,2,-1,0,1,2,0,-2,불어는 발음과 문법의 아름다움을 배우며 프랑스 문화와 예술을 이해할 수 있는 언어 학습 활동입니다. 꾸준한 연습과 문화적 관심이 중요합니다.\n프랑스 문화와 예술에 관심 있는 사람에게 잘 맞는 취미에요!\n1. 발음과 문법 습득 필요\n2. 다양한 학습 자료 활용 가능\n3. 실전 회화 및 작문 연습\n4. 문화적 이해와 교류 경험\n5. 시험 준비 및 자격증 취득 가능\n6. 온라인/오프라인 학습 병행 가능,불어교재|노트|사전/번역기|음성녹음기|온라인강의|프랑스영화/음악|스터디모임
패들보드,Paddle Board,"물 위에서 보드 위에 서서 패들로 노를 젓는 수상 스포츠로, 균형감각과 코어 근력이 필요하며 평온한 물 위에서 자연과 교감하는 힐링 운동",1,1,1,-2,2,0,1,-1,-1,-1,0,0,0,1,0,1,1,0,0,-1,1,1,1,0,2,"패들보드는 물 위에서 보드 위에 서서 패들로 노를 젓는 수상 스포츠입니다. 균형감각과 코어 근력이 중요하며, 자연과의 교감을 통해 힐링을 경험할 수 있습니다.\n자연을 사랑하고 평온한 운동을 원하는 사람에게 잘 맞는 취미에요!\n1. 균형감각과 코어 근력 필요\n2. 물 위에서의 평온한 경험\n3. 다양한 장소에서 즐길 수 있음\n4. 비교적 간단한 장비로 시작 가능\n5. 운동 효과와 힐링 동시 경험\n6. 야외 활동을 선호하는 사람에게 추천",패들보드|패들|구명조끼|방수백|래쉬가드|모자|선크림|물병|방수신발|타월
스노쿨링,Snorkeling,"수면 근처에서 마스크와 스노클을 이용해 수중을 관찰하는 활동으로, 수영 실력이 필요하며 바다 생물들을 가까이서 관찰하는 자연 체험 취미",0,0,0,-2,2,1,1,0,-1,-1,-1,1,-1,1,0,0,0,0,0,-2,1,0,0,-1,2,"스노쿨링은 마스크와 스노클을 이용해 수면 근처에서 바다 생물을 관찰하는 활동입니다. 수영 실력이 필요하며, 자연 체험과 힐링을 동시에 경험할 수 있습니다.\n바다 생물 관찰과 자연 체험을 좋아하는 사람에게 잘 맞는 취미에요!\n1. 수영 실력 필요\n2. 다양한 해양 생물 관찰 가능\n3. 비교적 간단한 장비로 시작 가능\n4. 안전 수칙 숙지 필수\n5. 여행지에서 즐기기 좋음\n6. 자연과 교감하는 힐링 경험",마스크|스노클|핀|구명조끼|래쉬가드|방수백|선크림|방수카메라|타월|물병
칵테일,Cocktail,"다양한 술과 재료를 조합해 음료를 만드는 기술로, 창의성과 정확한 계량이 필요하며 손님을 위한 특별한 음료를 창조하는 예술적이고 사교적인 취미",-1,-2,1,1,-2,-2,0,1,1,1,0,0,0,1,-1,0,0,1,0,-2,0,1,0,1,-2,칵테일은 다양한 술과 재료를 조합해 나만의 음료를 만드는 창의적인 활동입니다. 정확한 계량과 레시피 이해가 중요합니다.\n음료 만들기와 사교적 분위기를 좋아하는 사람에게 잘 맞는 취미에요!\n1. 창의성과 정확성 필요\n2. 다양한 레시피 시도 가능\n3. 파티나 모임에서 활용도 높음\n4. 미각과 감각 발달\n5. 비교적 적은 공간에서 가능\n6. 음주 문화에 관심 있는 사람에게 추천,"칵테일셰이커|믹싱글라스|계량컵|스트레이너|바스푼|잔(칵테일잔, 하이볼 등)|술(베이스, 리큐르)|과일/시럽|얼음|장식용 소품"
바리스타,Barista,"커피를 전문적으로 추출하고 제조하는 기술로, 원두에 대한 지식과 정교한 기술이 필요하며 완벽한 한 잔의 커피를 만드는 장인정신을 기르는 취미",0,-1,1,1,-2,-2,1,0,0,0,1,0,1,1,-1,0,1,1,1,-1,1,1,1,1,-2,바리스타는 커피를 전문적으로 추출하고 제조하는 기술을 배우는 활동입니다. 원두의 특성과 추출법에 대한 이해가 중요합니다.\n커피와 장인정신에 관심 있는 사람에게 잘 맞는 취미에요!\n1. 원두와 추출법에 대한 지식 필요\n2. 다양한 커피 레시피 시도 가능\n3. 미각과 감각 발달\n4. 카페 창업 및 취업에 도움\n5. 비교적 적은 공간에서 가능\n6. 커피 문화를 즐기는 사람에게 추천,에스프레소머신|핸드드립세트|원두|그라인더|저울|포터필터|탬퍼|드립포트|필터|머그잔|우유스티머|냉장고(우유 보관)|청소도구
티블랜딩,Tea Blending,"다양한 차를 조합해 나만의 블렌드 차를 만드는 활동으로, 향과 맛에 대한 섬세한 감각이 필요하며 차 문화와 함께 힐링을 경험하는 우아한 취미",-1,-2,1,1,-2,-2,1,-1,-1,1,0,0,0,1,-1,-1,0,1,0,-2,0,1,1,1,-2,"티블랜딩은 다양한 차를 조합해 나만의 블렌드 차를 만드는 활동입니다. 향과 맛에 대한 섬세한 감각이 필요합니다.\n차 문화와 힐링을 좋아하는 사람에게 잘 맞는 취미에요!\n1. 다양한 차와 재료 경험\n2. 향과 맛의 조화 탐구\n3. 힐링과 휴식 효과\n4. 선물용, 일상용 모두 활용 가능\n5. 비교적 적은 공간에서 가능\n6. 차 문화에 관심 있는 사람에게 추천","홍차/녹차/허브차|블렌딩 재료(과일, 꽃 등)|티포트|티컵|저울|계량스푼|차 거름망|보관용기|포장지"
요리,Cooking,"다양한 재료로 음식을 만드는 창조적 활동으로, 기술과 창의성이 모두 필요하며 가족과 친구들과 함께 나누는 기쁨을 통해 사랑을 표현하는 일상적인 취미",0,-1,1,1,-2,-2,1,0,0,1,0,0,0,1,-1,0,0,1,0,-1,0,1,1,1,-2,"요리는 다양한 재료로 음식을 만드는 창조적 활동입니다. 기술과 창의성이 모두 필요하며, 가족과 친구들과 함께 나누는 기쁨이 큽니다.\n음식 만들기와 나눔을 좋아하는 사람에게 잘 맞는 취미에요!\n1. 다양한 재료와 조리법 경험\n2. 창의적 레시피 개발 가능\n3. 가족, 친구와의 소통 도구\n4. 건강한 식습관 형성\n5. 선물용, 파티용으로 활용 가능\n6. 꾸준한 연습으로 실력 향상","조리도구(칼, 도마, 냄비 등)|식재료|계량도구|오븐/가스레인지|접시/그릇|앞치마|조리책/레시피|보관용기|타월"
국내 여행,Domestic Travel,"우리나라 곳곳을 탐방하는 활동으로, 계획과 정보 수집이 필요하며 다양한 지역의 문화와 자연을 경험하며 새로운 추억을 만드는 힐링 취미",0,0,0,-1,1,1,0,0,0,0,0,1,0,1,0,1,-1,0,0,-1,1,1,0,-1,1,국내 여행은 우리나라 곳곳을 탐방하며 다양한 문화와 자연을 경험하는 활동입니다. 계획과 정보 수집이 중요합니다.\n새로운 경험과 힐링을 원하는 사람에게 잘 맞는 취미에요!\n1. 다양한 지역의 문화와 자연 경험\n2. 계획과 정보 수집 능력 필요\n3. 새로운 추억과 인연 만들기\n4. 비교적 저렴한 비용으로 가능\n5. 계절별 다양한 여행지 선택 가능\n6. 여행 기록 및 사진 촬영 가능,"여행가방|지도/가이드북|카메라|휴대폰|충전기|여행용품(세면도구, 의류 등)|교통카드|간식|물병|응급약품"
해외 여행,Overseas Travel,"다른 나라를 방문해 새로운 문화를 체험하는 활동으로, 언어와 문화에 대한 개방성이 필요하며 세계를 무대로 견문을 넓히고 인생의 시야를 확장하는 취미",0,0,0,-2,2,2,0,0,0,0,1,1,0,1,2,2,0,1,1,-1,1,2,-1,0,2,해외 여행은 다른 나라를 방문해 새로운 문화를 체험하는 활동입니다. 언어와 문화에 대한 개방성이 필요합니다.\n세계 여행과 다양한 경험을 원하는 사람에게 잘 맞는 취미에요!\n1. 다양한 문화와 언어 경험\n2. 새로운 인연과 추억 만들기\n3. 계획과 정보 수집 능력 필요\n4. 여행 기록 및 사진 촬영 가능\n5. 예산 관리와 준비 필요\n6. 인생의 시야 확장,"여권|항공권|여행가방|지도/가이드북|카메라|휴대폰|충전기|여행용품(세면도구, 의류 등)|현지화폐/카드|응급약품"
음악감상,Listening to Music,"좋아하는 음악을 듣며 감정적 위안과 정신적 휴식을 얻는 활동으로, 다양한 장르를 통해 기분 전환과 스트레스 해소에 도움이 되는 취미",-2,-2,-1,1,-1,-2,2,-1,-2,0,-1,2,-2,2,-1,-1,-2,-1,-2,-2,0,0,-2,-2,-2,음악감상은 다양한 장르의 음악을 들으며 감정적 위안과 정신적 휴식을 얻는 활동입니다. 스트레스 해소와 기분 전환에 효과적입니다.\n음악을 통해 힐링과 감정 해소를 원하는 사람에게 잘 맞는 취미에요!\n1. 다양한 장르의 음악 경험\n2. 감정적 위안과 휴식 효과\n3. 스트레스 해소와 기분 전환\n4. 음악적 감성 발달\n5. 혼자 또는 함께 즐길 수 있음\n6. 장소와 시간의 제약이 적음,음악플레이어|이어폰/헤드폰|스피커|음원서비스(스트리밍 등)|플레이리스트|음악감상노트(선택)
게임,Game,"디지털 플랫폼에서 다양한 장르의 게임을 즐기며 전략적 사고와 반응속도를 기르고, 몰입감과 성취감을 통해 스트레스를 해소하는 취미",-1,-2,1,2,-2,-2,1,0,0,0,1,0,1,1,0,0,1,1,1,1,1,1,0,0,-2,"게임은 디지털 플랫폼에서 다양한 장르의 게임을 즐기며 전략적 사고와 반응속도를 기르는 활동입니다. 몰입감과 성취감, 스트레스 해소에 효과적입니다.\n전략적 사고와 몰입을 즐기는 사람에게 잘 맞는 취미에요!\n1. 다양한 장르의 게임 경험\n2. 전략적 사고와 반응속도 향상\n3. 몰입감과 성취감 경험\n4. 친구와의 소통 및 협동 가능\n5. 스트레스 해소와 여가 활용\n6. 비교적 적은 비용으로 시작 가능",PC/콘솔/스마트폰|게임 소프트웨어|컨트롤러/마우스|헤드셋|모니터|인터넷 연결|게임 커뮤니티
배구,Volleyball,"네트를 사이에 두고 팀워크를 바탕으로 공을 주고받는 단체 구기 스포츠로, 순발력과 협동심을 기르며 활발한 신체 활동을 통해 체력 향상에 도움이 되는 취미",2,2,1,-1,1,-1,-1,2,2,-1,-1,0,-1,1,-1,0,1,0,1,1,1,0,1,-1,0,"배구는 네트를 사이에 두고 팀워크를 바탕으로 공을 주고받는 단체 구기 스포츠입니다. 순발력과 협동심, 활발한 신체 활동이 중요합니다.\n팀워크와 신체 활동을 즐기는 사람에게 잘 맞는 취미에요!\n1. 순발력과 협동심 필요\n2. 활발한 신체 활동 경험\n3. 팀 스포츠의 재미와 성취감\n4. 다양한 포지션과 역할 경험\n5. 동호회 및 대회 참가 가능\n6. 체력 향상과 건강 증진",배구공|운동화|운동복|무릎보호대|손목밴드|타월|물병|코트 이용권|팀복
프라모델조립,Plastic Model Assembly,"플라스틱 모형을 조립하고 도색하여 완성하는 정밀한 손작업 활동으로, 집중력과 인내심을 기르며 완성품을 통해 큰 성취감을 얻을 수 있는 취미",-2,-2,2,2,-2,-2,2,-1,-1,1,0,0,0,0,0,1,1,1,1,0,2,1,-1,2,-2,"프라모델조립은 플라스틱 모형을 조립하고 도색하여 완성하는 정밀한 손작업 활동입니다. 집중력과 인내심, 창의성이 필요합니다.\n정밀한 손작업과 창작을 즐기는 사람에게 잘 맞는 취미에요!\n1. 집중력과 인내심 필요\n2. 창의적 설계와 도색 경험\n3. 완성품의 성취감 경험\n4. 다양한 모델과 부품 활용 가능\n5. 비교적 적은 공간에서 가능\n6. 취미 커뮤니티 활동 가능","프라모델 키트|니퍼|파일|접착제|도색도구(붓, 에어브러시 등)|페인트|데칼|작업매트|핀셋|보관함"
뮤지컬,Musical,"음악과 연기, 춤이 어우러진 공연 예술을 관람하며 감동과 즐거움을 얻는 문화 활동으로, 예술적 감성을 기르고 정서적 풍요로움을 경험할 수 있는 취미",-2,-2,0,1,-1,0,1,0,-1,1,1,2,-1,1,1,-2,-2,-2,-2,-2,1,0,-2,-2,-2,"뮤지컬은 음악, 연기, 춤이 어우러진 공연 예술을 관람하며 감동과 즐거움을 얻는 문화 활동입니다. 예술적 감성과 정서적 풍요로움을 경험할 수 있습니다.\n공연 예술과 감동을 좋아하는 사람에게 잘 맞는 취미에요!\n1. 다양한 공연 예술 경험\n2. 예술적 감성 발달\n3. 감동과 즐거움 경험\n4. 문화적 소양과 교류 확대\n5. 공연 관람 기록 및 감상문 작성 가능\n6. 친구, 가족과의 소통 도구",공연티켓|예매앱|공연장 안내서|쌍안경(선택)|음료|감상노트|카메라(선택)
야구관람,Watching Baseball,"야구 경기를 직접 관람하며 팀을 응원하고 경기의 재미와 긴장감을 함께 공유하는 스포츠 관람 활동으로, 사회적 유대감과 스트레스 해소에 도움이 되는 취미",-1,-2,0,-1,1,0,0,1,1,-1,0,1,-1,1,0,-2,-2,-1,-1,0,0,0,-2,-2,0,"야구관람은 야구 경기를 직접 관람하며 팀을 응원하고 경기의 재미와 긴장감을 함께 공유하는 스포츠 관람 활동입니다. 사회적 유대감과 스트레스 해소에 도움이 됩니다.\n스포츠 관람과 응원을 즐기는 사람에게 잘 맞는 취미에요!\n1. 경기의 재미와 긴장감 경험\n2. 팀 응원과 사회적 유대감 형성\n3. 현장 관람의 생생한 분위기\n4. 친구, 가족과의 소통 도구\n5. 경기 기록 및 감상문 작성 가능\n6. 스포츠 문화 체험","경기티켓|응원도구(메가폰, 유니폼 등)|간식|음료|모자|선글라스|카메라(선택)|감상노트"
걷기,Walking,"가장 기본적이고 접근하기 쉬운 유산소 운동으로, 자연이나 도심 속을 걸으며 체력 증진과 정신적 안정을 동시에 얻을 수 있는 취미",0,0,-1,-1,1,-2,1,0,-1,-2,-1,0,-2,1,-2,-2,-2,-1,-2,-2,0,-1,0,-2,0,"걷기는 가장 기본적이고 접근하기 쉬운 유산소 운동입니다. 자연이나 도심 속을 걸으며 체력 증진과 정신적 안정을 동시에 얻을 수 있습니다.\n가벼운 운동과 힐링을 원하는 사람에게 잘 맞는 취미에요!\n1. 접근성 높은 운동\n2. 체력 증진과 건강 관리\n3. 스트레스 해소와 정신적 안정\n4. 장소와 시간의 제약이 적음\n5. 가족, 친구와 함께 즐기기 좋음\n6. 운동 습관 형성에 도움",운동화|편한 옷|물병|모자|선크림|스마트워치(선택)|이어폰|걷기 앱
등산,Mountain Climbing,"산과 자연을 오르며 체력을 기르고 자연의 아름다움을 만끽하는 야외 활동으로, 성취감과 정신적 평온을 동시에 경험할 수 있는 취미",1,1,0,-2,2,0,0,1,0,-1,-1,1,-1,1,-1,0,0,1,0,-1,1,0,1,-2,2,등산은 산과 자연을 오르며 체력을 기르고 자연의 아름다움을 만끽하는 야외 활동입니다. 성취감과 정신적 평온을 동시에 경험할 수 있습니다.\n자연을 사랑하고 도전정신이 있는 사람에게 잘 맞는 취미에요!\n1. 체력 향상과 다이어트 효과\n2. 자연의 아름다움 감상\n3. 성취감과 힐링 경험\n4. 다양한 코스와 난이도 선택 가능\n5. 계절별 다양한 풍경 경험\n6. 등산 동호회 활동 가능,등산화|등산복|배낭|스틱|물통|간식|모자|선크림|지도|응급약품|스마트워치(선택)
골프,Golf,"정확한 샷과 전략적 사고가 필요한 개인 스포츠로, 넓은 자연 속에서 기술 향상과 정신적 집중력을 기르며 사회적 네트워킹도 가능한 취미",0,0,2,-2,2,0,0,1,1,-1,1,-1,1,0,2,2,2,2,2,0,1,1,2,0,1,"골프는 정확한 샷과 전략적 사고가 필요한 개인 스포츠입니다. 넓은 자연 속에서 기술 향상과 정신적 집중력을 기를 수 있습니다.\n자연과 스포츠, 네트워킹을 좋아하는 사람에게 잘 맞는 취미에요!\n1. 정확한 샷과 전략적 사고 필요\n2. 자연 속에서의 운동 경험\n3. 사회적 네트워킹 효과\n4. 꾸준한 연습과 자기관리 필요\n5. 다양한 코스와 환경 경험\n6. 장비와 시설 이용 필요",골프클럽|골프공|골프장갑|운동화(골프화)|모자|선글라스|골프백|티|거리측정기(선택)|골프장 이용권|물병|타월
팟캐스트보기,Listening to Podcast,"다양한 주제의 오디오 콘텐츠를 들으며 새로운 지식과 정보를 습득하고, 일상 중에도 쉽게 즐길 수 있는 지적 활동 취미",-2,-2,0,1,-1,-2,2,-2,-2,-1,1,0,0,1,-2,-2,-2,-2,-2,-2,0,1,-1,-2,-2,팟캐스트보기는 다양한 주제의 오디오 콘텐츠를 들으며 새로운 지식과 정보를 습득하는 활동입니다. 일상 중에도 쉽게 즐길 수 있습니다.\n지식 습득과 정보 탐색을 좋아하는 사람에게 잘 맞는 취미에요!\n1. 다양한 주제의 콘텐츠 경험\n2. 지식과 정보 습득\n3. 시간과 장소의 제약이 적음\n4. 자기계발과 여가 활용\n5. 혼자 또는 함께 즐길 수 있음\n6. 무료 또는 저렴한 비용으로 가능,스마트폰|이어폰|팟캐스트 앱|와이파이/데이터|감상노트(선택)
노래하기,Singing,"목소리를 통해 음악을 표현하며 감정을 해소하고 자신감을 기르는 활동으로, 혼자서도 또는 다른 사람들과 함께도 즐길 수 있는 취미",-1,-1,0,1,-1,-2,0,1,0,2,0,2,-1,2,-1,-1,0,0,0,-1,1,0,0,-1,-2,"노래하기는 목소리를 통해 음악을 표현하며 감정을 해소하고 자신감을 기르는 활동입니다. 혼자서도, 함께도 즐길 수 있습니다.\n음악과 감정 표현을 좋아하는 사람에게 잘 맞는 취미에요!\n1. 감정 해소와 자신감 향상\n2. 다양한 장르의 곡 연습 가능\n3. 스트레스 해소와 기분 전환\n4. 친구, 가족과의 소통 도구\n5. 꾸준한 연습과 자기계발 필요\n6. 공연 및 녹음 경험 가능",마이크|녹음기|반주기|악보|음료|연습공간|스피커|이어폰
음악작업,Music Production,"악기 연주나 작곡, 편곡 등을 통해 자신만의 음악을 창조하는 창작 활동으로, 높은 집중력과 창의성을 발휘하며 예술적 성취감을 얻을 수 있는 취미",-1,-2,2,2,-2,-2,1,-1,-1,2,1,2,1,1,0,1,2,2,1,1,2,1,1,1,-2,"음악작업은 악기 연주, 작곡, 편곡 등 자신만의 음악을 창조하는 창작 활동입니다. 높은 집중력과 창의성이 필요합니다.\n음악 창작과 예술적 성취를 원하는 사람에게 잘 맞는 취미에요!\n1. 창의성과 집중력 필요\n2. 다양한 악기와 소프트웨어 활용 가능\n3. 작품 공유 및 협업 경험\n4. 꾸준한 연습과 자기계발 필요\n5. 예술적 성취감 경험\n6. 음악 커뮤니티 활동 가능","악기(피아노, 기타 등)|녹음기|DAW소프트웨어|오디오인터페이스|마이크|헤드폰|악보|작업공간"
독서,Reading,"책을 통해 다양한 지식과 경험을 습득하고 상상력을 기르는 지적 활동으로, 조용한 환경에서 깊은 사색과 내적 성장을 경험할 수 있는 취미",-2,-2,1,2,-2,-2,2,-1,-2,0,2,1,1,1,-1,-2,-1,0,-1,-2,1,0,0,-2,-2,독서는 책을 통해 다양한 지식과 경험을 습득하고 상상력을 기르는 지적 활동입니다. 조용한 환경에서 깊은 사색과 내적 성장을 경험할 수 있습니다.\n지식 습득과 내적 성장을 원하는 사람에게 잘 맞는 취미에요!\n1. 다양한 분야의 책 경험\n2. 상상력과 사고력 향상\n3. 내적 성장과 사색 경험\n4. 조용한 환경에서의 집중력 필요\n5. 독서 모임 및 토론 가능\n6. 자기계발과 여가 활용,책|독서노트|책갈피|조용한 공간|조명|음료|전자책리더(선택)
기타연주,Playing Guitar,"현악기를 통해 음악을 연주하며 감정을 표현하고 음악적 기량을 발전시키는 활동으로, 꾸준한 연습을 통해 실력 향상과 성취감을 얻을 수 있는 취미",-1,-1,1,1,-1,-2,1,0,-1,2,0,2,0,1,0,0,1,1,0,-1,1,0,2,1,-2,기타연주는 현악기를 통해 음악을 연주하며 감정을 표현하고 음악적 기량을 발전시키는 활동입니다. 꾸준한 연습과 자기계발이 중요합니다.\n음악적 표현과 연주 실력 향상을 원하는 사람에게 잘 맞는 취미에요!\n1. 감정 표현과 음악적 기량 향상\n2. 다양한 장르 연주 가능\n3. 꾸준한 연습과 자기계발 필요\n4. 공연 및 녹음 경험 가능\n5. 악기 관리와 유지 필요\n6. 음악 커뮤니티 활동 가능,기타|기타줄|튜너|피크|악보|기타케이스|연습공간|기타교재|스탠드
영화,Movie,"다양한 장르의 영화를 감상하며 스토리와 영상미를 즐기고 감정적 몰입을 경험하는 문화 활동으로, 예술적 감성과 상상력을 기를 수 있는 취미",-2,-2,0,1,-1,-1,1,0,-1,0,1,2,0,1,0,-1,-2,-1,-1,-2,1,1,-2,-2,-2,"영화는 다양한 장르의 영화를 감상하며 스토리와 영상미를 즐기고 감정적 몰입을 경험하는 문화 활동입니다. 예술적 감성과 상상력을 기를 수 있습니다.\n영화 감상과 예술적 감성에 관심 있는 사람에게 잘 맞는 취미에요!\n1. 다양한 장르의 영화 경험\n2. 예술적 감성 및 상상력 향상\n3. 감정적 몰입과 힐링 효과\n4. 영화 감상 기록 및 토론 가능\n5. 친구, 가족과의 소통 도구\n6. 영화 커뮤니티 활동 가능",영화티켓|스트리밍서비스|TV/프로젝터|음료|감상노트|팝콘/간식|이어폰/헤드폰
비즈,Beads,"작은 구슬을 이용해 장신구나 소품을 만드는 수공예 활동으로, 세밀한 손작업과 창의적 디자인을 통해 집중력과 성취감을 얻을 수 있는 취미",-2,-2,1,2,-2,-2,2,-1,-1,1,-1,0,-1,0,-1,-1,0,0,0,-1,1,0,0,2,-2,비즈는 작은 구슬을 이용해 장신구나 소품을 만드는 수공예 활동입니다. 세밀한 손작업과 창의적 디자인이 필요합니다.\n집중력과 창의적 작업을 좋아하는 사람에게 잘 맞는 취미에요!\n1. 세밀한 손작업과 집중력 필요\n2. 창의적 디자인 경험\n3. 다양한 재료와 색상 활용 가능\n4. 완성품의 성취감 경험\n5. 비교적 적은 공간에서 가능\n6. 취미 커뮤니티 활동 가능,비즈구슬|실/와이어|바늘|가위|디자인판|포장지|장식재|글루건|작업매트
퍼즐,Puzzle,"조각을 맞춰 완전한 그림이나 형태를 만드는 논리적 사고 활동으로, 인내심과 집중력을 기르며 완성 시 큰 성취감을 느낄 수 있는 취미",-2,-2,2,2,-2,-2,2,-1,-2,-1,1,-1,2,1,-2,-2,-1,0,1,0,2,-1,-1,0,-2,"퍼즐은 조각을 맞춰 완전한 그림이나 형태를 만드는 논리적 사고 활동입니다. 인내심과 집중력, 논리적 사고가 필요합니다.\n논리적 사고와 성취감을 원하는 사람에게 잘 맞는 취미에요!\n1. 인내심과 집중력 향상\n2. 논리적 사고력 발달\n3. 완성 시 성취감 경험\n4. 다양한 난이도와 테마 선택 가능\n5. 가족, 친구와의 협동 가능\n6. 여가 활용 및 두뇌 훈련 효과",퍼즐세트|퍼즐매트|정리함|타이머(선택)|조명|음료|퍼즐보관통
풋살,Football,"실내외 작은 코트에서 5명이 한 팀을 이뤄 펼치는 축구의 변형 스포츠로, 빠른 패스와 개인 기술이 중요하며 짧은 시간 동안 역동적인 경기를 통해 팀워크와 순발력을 기를 수 있는 취미",1,1,1,1,-1,-1,1,0,0,0,-1,1,0,1,0,0,1,1,1,0,1,1,2,0,-1,"풋살은 실내외 작은 코트에서 5명이 한 팀을 이뤄 펼치는 축구의 변형 스포츠입니다. 빠른 패스와 개인 기술, 팀워크가 중요하며, 짧은 시간 동안 역동적인 경기를 통해 순발력과 협동심을 기를 수 있습니다.\n팀워크와 빠른 경기를 좋아하는 사람에게 잘 맞는 취미에요!\n1. 빠른 패스와 개인 기술 필요\n2. 팀워크와 협동심 향상\n3. 순발력과 체력 증진\n4. 짧은 시간 동안 집중된 경기\n5. 동호회 및 대회 참가 가능\n6. 실내외 다양한 환경에서 가능",축구화|운동복|축구공|타월|물병|양말|정강이보호대(선택)|헤드밴드(선택)